430003;ACEGUÁ;0.687;0.541;0.852;0.703
430005;ÁGUA SANTA;0.750;0.590;0.850;0.840
430010;AGUDO;0.694;0.524;0.847;0.752
430020;AJURICABA;0.753;0.658;0.850;0.763
430030;ALECRIM;0.672;0.522;0.852;0.683
430040;ALEGRETE;0.740;0.664;0.849;0.720
430045;ALEGRIA;0.695;0.572;0.818;0.717
430047;ALMIRANTE TAMANDARÉ DO SUL;0.740;0.669;0.828;0.732
430050;ALPESTRE;0.671;0.543;0.795;0.700
430055;ALTO ALEGRE;0.747;0.642;0.859;0.756
430057;ALTO FELIZ;0.734;0.603;0.886;0.740
430060;ALVORADA;0.699;0.564;0.874;0.694
430063;AMARAL FERRADOR;0.624;0.457;0.802;0.664
430064;AMETISTA DO SUL;0.682;0.562;0.809;0.697
430066;ANDRÉ DA ROCHA;0.720;0.605;0.837;0.738
430070;ANTA GORDA;0.740;0.630;0.868;0.742
430080;ANTÔNIO PRADO;0.758;0.671;0.835;0.777
430085;ARAMBARÉ;0.691;0.570;0.833;0.694
430087;ARARICÁ;0.679;0.547;0.824;0.696
430090;ARATIBA;0.772;0.670;0.856;0.801
430100;ARROIO DO MEIO;0.769;0.706;0.860;0.750
430105;ARROIO DO SAL;0.740;0.649;0.844;0.740
430107;ARROIO DO PADRE;0.669;0.461;0.860;0.756
430110;ARROIO DOS RATOS;0.698;0.583;0.833;0.700
430120;ARROIO DO TIGRE;0.707;0.589;0.848;0.708
430130;ARROIO GRANDE;0.657;0.522;0.807;0.673
430140;ARVOREZINHA;0.694;0.575;0.817;0.713
430150;AUGUSTO PESTANA;0.743;0.621;0.847;0.779
430155;ÁUREA;0.707;0.588;0.841;0.715
430160;BAGÉ;0.740;0.647;0.848;0.739
430163;BALNEÁRIO PINHAL;0.696;0.567;0.836;0.710
430165;BARÃO;0.748;0.652;0.836;0.767
430170;BARÃO DE COTEGIPE;0.719;0.593;0.842;0.745
430175;BARÃO DO TRIUNFO;0.610;0.428;0.821;0.645
430180;BARRACÃO;0.710;0.568;0.885;0.711
430185;BARRA DO GUARITA;0.734;0.672;0.845;0.696
430187;BARRA DO QUARAÍ;0.662;0.548;0.802;0.659
430190;BARRA DO RIBEIRO;0.670;0.529;0.822;0.691
430192;BARRA DO RIO AZUL;0.723;0.638;0.842;0.703
430195;BARRA FUNDA;0.763;0.710;0.856;0.731
430200;BARROS CASSAL;0.650;0.500;0.795;0.690
430205;BENJAMIN CONSTANT DO SUL;0.619;0.492;0.801;0.601
430210;BENTO GONÇALVES;0.778;0.695;0.842;0.805
430215;BOA VISTA DAS MISSÕES;0.676;0.561;0.825;0.666
430220;BOA VISTA DO BURICÁ;0.762;0.697;0.834;0.761
430222;BOA VISTA DO CADEADO;0.703;0.590;0.851;0.692
430223;BOA VISTA DO INCRA;0.731;0.641;0.867;0.703
430225;BOA VISTA DO SUL;0.728;0.587;0.852;0.770
430230;BOM JESUS;0.666;0.510;0.832;0.697
430235;BOM PRINCÍPIO;0.746;0.661;0.836;0.751
430237;BOM PROGRESSO;0.723;0.643;0.840;0.700
430240;BOM RETIRO DO SUL;0.739;0.649;0.857;0.725
430245;BOQUEIRÃO DO LEÃO;0.700;0.562;0.843;0.725
430250;BOSSOROCA;0.692;0.608;0.821;0.665
430258;BOZANO;0.745;0.628;0.853;0.773
430260;BRAGA;0.674;0.563;0.830;0.656
430265;BROCHIER;0.699;0.554;0.851;0.723
430270;BUTIÁ;0.689;0.558;0.848;0.691
430280;CAÇAPAVA DO SUL;0.704;0.585;0.855;0.699
430290;CACEQUI;0.700;0.626;0.807;0.680
430300;CACHOEIRA DO SUL;0.742;0.648;0.854;0.739
430310;CACHOEIRINHA;0.757;0.675;0.857;0.749
430320;CACIQUE DOBLE;0.662;0.528;0.810;0.677
430330;CAIBATÉ;0.719;0.611;0.857;0.709
430340;CAIÇARA;0.699;0.580;0.817;0.721
430350;CAMAQUÃ;0.697;0.578;0.819;0.715
430355;CAMARGO;0.736;0.612;0.854;0.762
430360;CAMBARÁ DO SUL;0.697;0.574;0.838;0.705
430367;CAMPESTRE DA SERRA;0.706;0.557;0.886;0.713
430370;CAMPINA DAS MISSÕES;0.738;0.677;0.849;0.698
430380;CAMPINAS DO SUL;0.760;0.691;0.842;0.753
430390;CAMPO BOM;0.745;0.643;0.852;0.755
430400;CAMPO NOVO;0.703;0.593;0.866;0.677
430410;CAMPOS BORGES;0.708;0.616;0.819;0.704
430420;CANDELÁRIA;0.674;0.521;0.842;0.699
430430;CÂNDIDO GODÓI;0.728;0.627;0.853;0.720
430435;CANDIOTA;0.698;0.562;0.860;0.704
430440;CANELA;0.748;0.667;0.849;0.738
430450;CANGUÇU;0.650;0.491;0.819;0.683
430460;CANOAS;0.750;0.636;0.864;0.768
430461;CANUDOS DO VALE;0.713;0.574;0.840;0.751
430462;CAPÃO BONITO DO SUL;0.637;0.507;0.779;0.654
430463;CAPÃO DA CANOA;0.743;0.637;0.852;0.756
430465;CAPÃO DO CIPÓ;0.672;0.552;0.860;0.639
430466;CAPÃO DO LEÃO;0.637;0.480;0.814;0.662
430467;CAPIVARI DO SUL;0.766;0.668;0.836;0.805
430468;CAPELA DE SANTANA;0.661;0.525;0.816;0.675
430469;CAPITÃO;0.746;0.661;0.842;0.747
430470;CARAZINHO;0.766;0.707;0.840;0.756
430471;CARAÁ;0.652;0.505;0.830;0.661
430480;CARLOS BARBOSA;0.796;0.724;0.835;0.835
430485;CARLOS GOMES;0.739;0.622;0.886;0.732
430490;CASCA;0.785;0.733;0.847;0.778
430495;CASEIROS;0.703;0.600;0.833;0.696
430500;CATUÍPE;0.739;0.627;0.842;0.763
430510;CAXIAS DO SUL;0.782;0.686;0.860;0.812
430511;CENTENÁRIO;0.701;0.569;0.856;0.707
430512;CERRITO;0.649;0.504;0.824;0.657
430513;CERRO BRANCO;0.661;0.527;0.816;0.671
430515;CERRO GRANDE;0.674;0.563;0.803;0.676
430517;CERRO GRANDE DO SUL;0.660;0.499;0.855;0.673
430520;CERRO LARGO;0.764;0.698;0.849;0.752
430530;CHAPADA;0.757;0.679;0.849;0.752
430535;CHARQUEADAS;0.747;0.659;0.870;0.726
430537;CHARRUA;0.620;0.385;0.885;0.699
430540;CHIAPETTA;0.732;0.657;0.850;0.702
430543;CHUÍ;0.706;0.658;0.792;0.676
430544;CHUVISCA;0.616;0.437;0.818;0.655
430545;CIDREIRA;0.729;0.625;0.848;0.730
430550;CIRÍACO;0.719;0.600;0.855;0.724
430558;COLINAS;0.765;0.678;0.840;0.786
430560;COLORADO;0.758;0.674;0.835;0.775
430570;CONDOR;0.747;0.666;0.852;0.735
430580;CONSTANTINA;0.754;0.668;0.885;0.726
430583;COQUEIRO BAIXO;0.692;0.532;0.886;0.703
430585;COQUEIROS DO SUL;0.746;0.614;0.840;0.806
430587;CORONEL BARROS;0.744;0.610;0.852;0.793
430590;CORONEL BICACO;0.665;0.550;0.803;0.667
430593;CORONEL PILAR;0.727;0.600;0.835;0.766
430595;COTIPORÃ;0.741;0.636;0.835;0.767
430597;COXILHA;0.706;0.586;0.866;0.693
430600;CRISSIUMAL;0.712;0.616;0.835;0.702
430605;CRISTAL;0.644;0.471;0.826;0.687
430607;CRISTAL DO SUL;0.660;0.542;0.826;0.641
430610;CRUZ ALTA;0.750;0.653;0.858;0.754
430613;CRUZALTENSE;0.719;0.605;0.849;0.724
430620;CRUZEIRO DO SUL;0.723;0.607;0.833;0.746
430630;DAVID CANABARRO;0.762;0.688;0.870;0.740
430632;DERRUBADAS;0.707;0.628;0.846;0.664
430635;DEZESSEIS DE NOVEMBRO;0.654;0.553;0.809;0.625
430637;DILERMANDO DE AGUIAR;0.648;0.463;0.864;0.681
430640;DOIS IRMÃOS;0.743;0.633;0.848;0.763
430642;DOIS IRMÃOS DAS MISSÕES;0.670;0.585;0.797;0.646
430645;DOIS LAJEADOS;0.757;0.670;0.837;0.775
430650;DOM FELICIANO;0.587;0.390;0.818;0.633
430655;DOM PEDRO DE ALCÂNTARA;0.691;0.577;0.820;0.697
430660;DOM PEDRITO;0.708;0.585;0.848;0.715
430670;DONA FRANCISCA;0.697;0.568;0.831;0.718
430673;DOUTOR MAURÍCIO CARDOSO;0.706;0.593;0.840;0.707
430675;DOUTOR RICARDO;0.724;0.593;0.855;0.749
430676;ELDORADO DO SUL;0.717;0.609;0.844;0.717
430680;ENCANTADO;0.767;0.687;0.858;0.764
430690;ENCRUZILHADA DO SUL;0.657;0.478;0.875;0.677
430692;ENGENHO VELHO;0.717;0.611;0.821;0.735
430693;ENTRE-IJUÍS;0.680;0.548;0.829;0.692
430695;ENTRE RIOS DO SUL;0.703;0.572;0.857;0.709
430697;EREBANGO;0.712;0.626;0.837;0.689
430700;ERECHIM;0.776;0.716;0.833;0.782
430705;ERNESTINA;0.716;0.612;0.854;0.703
430710;HERVAL;0.687;0.527;0.843;0.730
430720;ERVAL GRANDE;0.681;0.501;0.885;0.713
430730;ERVAL SECO;0.685;0.589;0.821;0.666
430740;ESMERALDA;0.680;0.569;0.827;0.669
430745;ESPERANÇA DO SUL;0.661;0.550;0.788;0.665
430750;ESPUMOSO;0.765;0.677;0.884;0.747
430755;ESTAÇÃO;0.753;0.674;0.843;0.752
430760;ESTÂNCIA VELHA;0.757;0.652;0.887;0.749
430770;ESTEIO;0.754;0.662;0.843;0.769
430780;ESTRELA;0.767;0.684;0.850;0.776
430781;ESTRELA VELHA;0.679;0.560;0.792;0.707
430783;EUGÊNIO DE CASTRO;0.712;0.584;0.885;0.697
430786;FAGUNDES VARELA;0.763;0.674;0.852;0.773
430790;FARROUPILHA;0.777;0.696;0.861;0.783
430800;FAXINAL DO SOTURNO;0.720;0.597;0.854;0.732
430805;FAXINALZINHO;0.666;0.571;0.801;0.646
430807;FAZENDA VILANOVA;0.698;0.557;0.841;0.726
430810;FELIZ;0.750;0.658;0.847;0.758
430820;FLORES DA CUNHA;0.754;0.642;0.849;0.786
430825;FLORIANO PEIXOTO;0.663;0.486;0.854;0.701
430830;FONTOURA XAVIER;0.661;0.532;0.812;0.668
430840;FORMIGUEIRO;0.682;0.549;0.838;0.690
430843;FORQUETINHA;0.683;0.484;0.886;0.743
430845;FORTALEZA DOS VALOS;0.756;0.663;0.837;0.779
430850;FREDERICO WESTPHALEN;0.760;0.688;0.846;0.754
430860;GARIBALDI;0.786;0.688;0.856;0.825
430865;GARRUCHOS;0.671;0.553;0.833;0.657
430870;GAURAMA;0.738;0.643;0.852;0.733
430880;GENERAL CÂMARA;0.686;0.552;0.832;0.704
430885;GENTIL;0.733;0.643;0.863;0.710
430890;GETÚLIO VARGAS;0.746;0.658;0.843;0.747
430900;GIRUÁ;0.721;0.629;0.842;0.707
430905;GLORINHA;0.714;0.593;0.859;0.716
430910;GRAMADO;0.764;0.662;0.861;0.783
430912;GRAMADO DOS LOUREIROS;0.685;0.584;0.832;0.662
430915;GRAMADO XAVIER;0.634;0.473;0.792;0.681
430920;GRAVATAÍ;0.736;0.636;0.862;0.727
430925;GUABIJU;0.758;0.612;0.857;0.831
430930;GUAÍBA;0.730;0.639;0.833;0.732
430940;GUAPORÉ;0.765;0.685;0.837;0.781
430950;GUARANI DAS MISSÕES;0.737;0.665;0.863;0.698
430955;HARMONIA;0.749;0.668;0.841;0.748
430957;HERVEIRAS;0.616;0.441;0.792;0.670
430960;HORIZONTINA;0.783;0.716;0.858;0.782
430965;HULHA NEGRA;0.643;0.512;0.796;0.653
430970;HUMAITÁ;0.738;0.657;0.837;0.732
430975;IBARAMA;0.652;0.511;0.792;0.686
430980;IBIAÇÁ;0.739;0.593;0.888;0.766
430990;IBIRAIARAS;0.724;0.615;0.835;0.739
430995;IBIRAPUITÃ;0.638;0.463;0.828;0.678
431000;IBIRUBÁ;0.765;0.671;0.848;0.786
431010;IGREJINHA;0.721;0.571;0.876;0.749
431020;IJUÍ;0.781;0.707;0.858;0.786
431030;ILÓPOLIS;0.730;0.595;0.866;0.756
431033;IMBÉ;0.764;0.638;0.847;0.825
431036;IMIGRANTE;0.743;0.635;0.844;0.764
431040;INDEPENDÊNCIA;0.693;0.576;0.813;0.711
431041;INHACORÁ;0.673;0.585;0.807;0.647
431043;IPÊ;0.728;0.618;0.831;0.751
431046;IPIRANGA DO SUL;0.791;0.698;0.866;0.818
431050;IRAÍ;0.691;0.590;0.819;0.684
431053;ITAARA;0.760;0.687;0.841;0.761
431055;ITACURUBI;0.657;0.509;0.804;0.692
431057;ITAPUCA;0.664;0.495;0.834;0.709
431060;ITAQUI;0.713;0.626;0.843;0.687
431065;ITATI;0.669;0.524;0.827;0.692
431070;ITATIBA DO SUL;0.681;0.567;0.801;0.696
431075;IVORÁ;0.724;0.602;0.886;0.712
431080;IVOTI;0.784;0.729;0.848;0.780
431085;JABOTICABA;0.658;0.547;0.820;0.636
431087;JACUIZINHO;0.662;0.487;0.817;0.730
431090;JACUTINGA;0.726;0.636;0.855;0.703
431100;JAGUARÃO;0.707;0.608;0.832;0.698
431110;JAGUARI;0.712;0.567;0.866;0.734
431112;JAQUIRANA;0.614;0.475;0.779;0.626
431113;JARI;0.631;0.473;0.836;0.636
431115;JÓIA;0.686;0.572;0.841;0.671
431120;JÚLIO DE CASTILHOS;0.716;0.602;0.833;0.733
431123;LAGOA BONITA DO SUL;0.670;0.539;0.801;0.696
431125;LAGOÃO;0.643;0.505;0.822;0.641
431127;LAGOA DOS TRÊS CANTOS;0.789;0.754;0.852;0.765
431130;LAGOA VERMELHA;0.738;0.620;0.885;0.734
431140;LAJEADO;0.778;0.704;0.840;0.796
431142;LAJEADO DO BUGRE;0.613;0.465;0.822;0.604
431150;LAVRAS DO SUL;0.699;0.577;0.868;0.683
431160;LIBERATO SALZANO;0.685;0.583;0.810;0.680
431162;LINDOLFO COLLOR;0.712;0.601;0.842;0.712
431164;LINHA NOVA;0.749;0.662;0.846;0.751
431170;MACHADINHO;0.692;0.577;0.807;0.711
431171;MAÇAMBARÁ;0.684;0.580;0.832;0.664
431173;MAMPITUBA;0.649;0.517;0.813;0.650
431175;MANOEL VIANA;0.655;0.534;0.766;0.686
431177;MAQUINÉ;0.682;0.519;0.880;0.695
431179;MARATÁ;0.697;0.540;0.862;0.729
431180;MARAU;0.774;0.699;0.857;0.773
431190;MARCELINO RAMOS;0.724;0.618;0.834;0.735
431198;MARIANA PIMENTEL;0.701;0.568;0.866;0.701
431200;MARIANO MORO;0.730;0.604;0.843;0.763
431205;MARQUES DE SOUZA;0.687;0.515;0.849;0.743
431210;MATA;0.656;0.529;0.807;0.660
431213;MATO CASTELHANO;0.727;0.608;0.839;0.752
431215;MATO LEITÃO;0.746;0.676;0.853;0.721
431217;MATO QUEIMADO;0.717;0.603;0.870;0.702
431220;MAXIMILIANO DE ALMEIDA;0.699;0.591;0.825;0.699
431225;MINAS DO LEÃO;0.681;0.514;0.826;0.743
431230;MIRAGUAÍ;0.725;0.613;0.837;0.744
431235;MONTAURI;0.764;0.662;0.852;0.790
431237;MONTE ALEGRE DOS CAMPOS;0.650;0.501;0.822;0.667
431238;MONTE BELO DO SUL;0.752;0.663;0.852;0.752
431240;MONTENEGRO;0.755;0.654;0.866;0.761
431242;MORMAÇO;0.714;0.576;0.860;0.735
431244;MORRINHOS DO SUL;0.711;0.593;0.842;0.720
431245;MORRO REDONDO;0.702;0.557;0.864;0.719
431247;MORRO REUTER;0.743;0.653;0.858;0.733
431250;MOSTARDAS;0.664;0.493;0.849;0.701
431260;MUÇUM;0.746;0.654;0.840;0.757
431261;MUITOS CAPÕES;0.702;0.558;0.873;0.711
431262;MULITERNO;0.689;0.547;0.808;0.740
431265;NÃO-ME-TOQUE;0.765;0.673;0.847;0.784
431267;NICOLAU VERGUEIRO;0.753;0.660;0.839;0.772
431270;NONOAI;0.702;0.591;0.833;0.703
431275;NOVA ALVORADA;0.740;0.634;0.838;0.763
431280;NOVA ARAÇÁ;0.785;0.722;0.843;0.796
431290;NOVA BASSANO;0.747;0.632;0.849;0.778
431295;NOVA BOA VISTA;0.768;0.708;0.836;0.764
431300;NOVA BRÉSCIA;0.778;0.666;0.847;0.836
431301;NOVA CANDELÁRIA;0.759;0.643;0.856;0.794
431303;NOVA ESPERANÇA DO SUL;0.735;0.647;0.848;0.723
431306;NOVA HARTZ;0.689;0.563;0.836;0.694
431308;NOVA PÁDUA;0.761;0.678;0.852;0.762
431310;NOVA PALMA;0.744;0.643;0.841;0.762
431320;NOVA PETRÓPOLIS;0.780;0.688;0.890;0.775
431330;NOVA PRATA;0.766;0.686;0.839;0.782
431333;NOVA RAMADA;0.742;0.642;0.847;0.752
431335;NOVA ROMA DO SUL;0.741;0.602;0.851;0.794
431337;NOVA SANTA RITA;0.718;0.606;0.853;0.716
431339;NOVO CABRAIS;0.688;0.548;0.852;0.697
431340;NOVO HAMBURGO;0.747;0.629;0.852;0.778
431342;NOVO MACHADO;0.663;0.543;0.796;0.674
431344;NOVO TIRADENTES;0.676;0.566;0.805;0.679
431346;NOVO XINGU;0.767;0.708;0.850;0.749
431349;NOVO BARREIRO;0.706;0.594;0.808;0.734
431350;OSÓRIO;0.751;0.646;0.853;0.769
431360;PAIM FILHO;0.706;0.558;0.870;0.725
431365;PALMARES DO SUL;0.715;0.592;0.852;0.725
431370;PALMEIRA DAS MISSÕES;0.737;0.667;0.831;0.722
431380;PALMITINHO;0.720;0.632;0.836;0.707
431390;PANAMBI;0.761;0.691;0.848;0.752
431395;PANTANO GRANDE;0.661;0.524;0.816;0.676
431400;PARAÍ;0.773;0.679;0.866;0.787
431402;PARAÍSO DO SUL;0.676;0.537;0.831;0.692
431403;PARECI NOVO;0.749;0.668;0.852;0.738
431405;PAROBÉ;0.704;0.562;0.886;0.700
431406;PASSA SETE;0.622;0.482;0.782;0.639
431407;PASSO DO SOBRADO;0.698;0.551;0.851;0.726
431410;PASSO FUNDO;0.776;0.699;0.849;0.787
431413;PAULO BENTO;0.710;0.571;0.858;0.730
431415;PAVERAMA;0.683;0.541;0.840;0.701
431417;PEDRAS ALTAS;0.640;0.493;0.820;0.647
431420;PEDRO OSÓRIO;0.678;0.551;0.829;0.683
431430;PEJUÇARA;0.741;0.648;0.867;0.724
431440;PELOTAS;0.739;0.632;0.844;0.758
431442;PICADA CAFÉ;0.758;0.701;0.842;0.738
431445;PINHAL;0.720;0.624;0.852;0.701
431446;PINHAL DA SERRA;0.650;0.513;0.835;0.641
431447;PINHAL GRANDE;0.678;0.577;0.804;0.672
431449;PINHEIRINHO DO VALE;0.710;0.607;0.828;0.713
431450;PINHEIRO MACHADO;0.661;0.499;0.846;0.685
431455;PIRAPÓ;0.669;0.553;0.824;0.656
431460;PIRATINI;0.658;0.517;0.821;0.672
431470;PLANALTO;0.687;0.597;0.807;0.674
431475;POÇO DAS ANTAS;0.744;0.634;0.877;0.742
431477;PONTÃO;0.725;0.623;0.864;0.708
431478;PONTE PRETA;0.725;0.600;0.874;0.727
431480;PORTÃO;0.713;0.584;0.856;0.725
431490;PORTO ALEGRE;0.805;0.702;0.857;0.867
431500;PORTO LUCENA;0.693;0.575;0.827;0.700
431505;PORTO MAUÁ;0.698;0.608;0.831;0.672
431507;PORTO VERA CRUZ;0.690;0.600;0.827;0.661
431510;PORTO XAVIER;0.723;0.628;0.876;0.687
431513;POUSO NOVO;0.715;0.566;0.845;0.765
431514;PRESIDENTE LUCENA;0.757;0.674;0.885;0.727
431515;PROGRESSO;0.683;0.525;0.861;0.705
431517;PROTÁSIO ALVES;0.733;0.609;0.839;0.771
431520;PUTINGA;0.715;0.563;0.873;0.745
431530;QUARAÍ;0.704;0.609;0.852;0.673
431531;QUATRO IRMÃOS;0.689;0.565;0.833;0.695
431532;QUEVEDOS;0.665;0.534;0.824;0.667
431535;QUINZE DE NOVEMBRO;0.756;0.655;0.841;0.783
431540;REDENTORA;0.631;0.523;0.792;0.606
431545;RELVADO;0.731;0.588;0.868;0.765
431550;RESTINGA SECA;0.683;0.542;0.828;0.709
431555;RIO DOS ÍNDIOS;0.656;0.545;0.804;0.645
431560;RIO GRANDE;0.744;0.637;0.861;0.752
431570;RIO PARDO;0.693;0.560;0.846;0.702
431575;RIOZINHO;0.661;0.472;0.885;0.690
431580;ROCA SALES;0.729;0.602;0.853;0.753
431590;RODEIO BONITO;0.732;0.636;0.842;0.733
431595;ROLADOR;0.689;0.579;0.834;0.676
431600;ROLANTE;0.688;0.553;0.830;0.708
431610;RONDA ALTA;0.724;0.600;0.867;0.729
431620;RONDINHA;0.764;0.678;0.842;0.780
431630;ROQUE GONZALES;0.688;0.563;0.843;0.687
431640;ROSÁRIO DO SUL;0.699;0.576;0.841;0.705
431642;SAGRADA FAMÍLIA;0.678;0.596;0.782;0.669
431643;SALDANHA MARINHO;0.762;0.706;0.841;0.745
431645;SALTO DO JACUÍ;0.687;0.558;0.837;0.693
431647;SALVADOR DAS MISSÕES;0.753;0.706;0.851;0.710
431650;SALVADOR DO SUL;0.740;0.641;0.843;0.750
431660;SANANDUVA;0.747;0.647;0.843;0.764
431670;SANTA BÁRBARA DO SUL;0.725;0.634;0.841;0.716
431673;SANTA CECÍLIA DO SUL;0.725;0.581;0.839;0.781
431675;SANTA CLARA DO SUL;0.740;0.644;0.843;0.747
431680;SANTA CRUZ DO SUL;0.773;0.693;0.852;0.782
431690;SANTA MARIA;0.784;0.715;0.848;0.795
431695;SANTA MARIA DO HERVAL;0.676;0.510;0.846;0.716
431697;SANTA MARGARIDA DO SUL;0.663;0.484;0.870;0.691
431700;SANTANA DA BOA VISTA;0.633;0.503;0.802;0.630
431710;SANT'ANA DO LIVRAMENTO;0.727;0.636;0.846;0.715
431720;SANTA ROSA;0.769;0.693;0.871;0.752
431725;SANTA TEREZA;0.746;0.637;0.853;0.765
431730;SANTA VITÓRIA DO PALMAR;0.712;0.591;0.861;0.709
431740;SANTIAGO;0.766;0.682;0.882;0.746
431750;SANTO ÂNGELO;0.772;0.696;0.863;0.765
431755;SANTO ANTÔNIO DO PALMA;0.764;0.665;0.853;0.787
431760;SANTO ANTÔNIO DA PATRULHA;0.717;0.594;0.866;0.718
431770;SANTO ANTÔNIO DAS MISSÕES;0.686;0.576;0.835;0.672
431775;SANTO ANTÔNIO DO PLANALTO;0.759;0.705;0.885;0.701
431780;SANTO AUGUSTO;0.739;0.637;0.840;0.753
431790;SANTO CRISTO;0.738;0.656;0.820;0.746
431795;SANTO EXPEDITO DO SUL;0.732;0.677;0.853;0.679
431800;SÃO BORJA;0.736;0.643;0.860;0.720
431805;SÃO DOMINGOS DO SUL;0.763;0.680;0.839;0.780
431810;SÃO FRANCISCO DE ASSIS;0.675;0.552;0.818;0.681
431820;SÃO FRANCISCO DE PAULA;0.685;0.534;0.860;0.701
431830;SÃO GABRIEL;0.699;0.585;0.822;0.711
431840;SÃO JERÔNIMO;0.696;0.560;0.822;0.734
431842;SÃO JOÃO DA URTIGA;0.694;0.575;0.828;0.702
431843;SÃO JOÃO DO POLÊSINE;0.748;0.661;0.847;0.748
431844;SÃO JORGE;0.732;0.617;0.846;0.750
431845;SÃO JOSÉ DAS MISSÕES;0.651;0.542;0.782;0.652
431846;SÃO JOSÉ DO HERVAL;0.717;0.622;0.847;0.701
431848;SÃO JOSÉ DO HORTÊNCIO;0.707;0.597;0.824;0.717
431849;SÃO JOSÉ DO INHACORÁ;0.747;0.702;0.822;0.723
431850;SÃO JOSÉ DO NORTE;0.623;0.461;0.792;0.663
431860;SÃO JOSÉ DO OURO;0.755;0.669;0.846;0.759
431861;SÃO JOSÉ DO SUL;0.725;0.590;0.836;0.774
431862;SÃO JOSÉ DOS AUSENTES;0.663;0.541;0.801;0.674
431870;SÃO LEOPOLDO;0.739;0.612;0.861;0.766
431880;SÃO LOURENÇO DO SUL;0.687;0.528;0.849;0.722
431890;SÃO LUIZ GONZAGA;0.741;0.664;0.855;0.718
431900;SÃO MARCOS;0.768;0.683;0.855;0.775
431910;SÃO MARTINHO;0.726;0.628;0.830;0.734
431912;SÃO MARTINHO DA SERRA;0.652;0.496;0.848;0.659
431915;SÃO MIGUEL DAS MISSÕES;0.667;0.537;0.821;0.674
431920;SÃO NICOLAU;0.645;0.523;0.778;0.658
431930;SÃO PAULO DAS MISSÕES;0.692;0.584;0.825;0.688
431935;SÃO PEDRO DA SERRA;0.739;0.634;0.851;0.748
431936;SÃO PEDRO DAS MISSÕES;0.664;0.566;0.804;0.644
431937;SÃO PEDRO DO BUTIÁ;0.763;0.694;0.843;0.760
431940;SÃO PEDRO DO SUL;0.709;0.619;0.824;0.698
431950;SÃO SEBASTIÃO DO CAÍ;0.739;0.646;0.852;0.734
431960;SÃO SEPÉ;0.708;0.576;0.871;0.708
431970;SÃO VALENTIM;0.720;0.612;0.820;0.745
431971;SÃO VALENTIM DO SUL;0.764;0.677;0.848;0.776
431973;SÃO VALÉRIO DO SUL;0.642;0.480;0.816;0.674
431975;SÃO VENDELINO;0.754;0.677;0.852;0.743
431980;SÃO VICENTE DO SUL;0.685;0.553;0.831;0.698
431990;SAPIRANGA;0.711;0.598;0.832;0.722
432000;SAPUCAIA DO SUL;0.726;0.624;0.844;0.726
432010;SARANDI;0.777;0.705;0.858;0.776
432020;SEBERI;0.723;0.620;0.865;0.706
432023;SEDE NOVA;0.712;0.543;0.886;0.751
432026;SEGREDO;0.659;0.525;0.811;0.673
432030;SELBACH;0.777;0.710;0.841;0.785
432032;SENADOR SALGADO FILHO;0.693;0.581;0.817;0.701
432035;SENTINELA DO SUL;0.671;0.545;0.826;0.671
432040;SERAFINA CORRÊA;0.760;0.690;0.843;0.755
432045;SÉRIO;0.652;0.471;0.847;0.695
432050;SERTÃO;0.751;0.678;0.837;0.746
432055;SERTÃO SANTANA;0.689;0.534;0.832;0.737
432057;SETE DE SETEMBRO;0.683;0.577;0.810;0.682
432060;SEVERIANO DE ALMEIDA;0.752;0.670;0.861;0.738
432065;SILVEIRA MARTINS;0.742;0.644;0.852;0.744
432067;SINIMBU;0.631;0.456;0.792;0.697
432070;SOBRADINHO;0.743;0.647;0.861;0.735
432080;SOLEDADE;0.731;0.625;0.861;0.727
432085;TABAÍ;0.701;0.595;0.834;0.694
432090;TAPEJARA;0.760;0.688;0.837;0.763
432100;TAPERA;0.747;0.672;0.835;0.743
432110;TAPES;0.695;0.556;0.862;0.699
432120;TAQUARA;0.727;0.579;0.880;0.754
432130;TAQUARI;0.733;0.629;0.849;0.737
432132;TAQUARUÇU DO SUL;0.739;0.633;0.830;0.768
432135;TAVARES;0.656;0.492;0.828;0.692
432140;TENENTE PORTELA;0.708;0.603;0.830;0.709
432143;TERRA DE AREIA;0.689;0.565;0.829;0.699
432145;TEUTÔNIA;0.747;0.650;0.855;0.751
432146;TIO HUGO;0.742;0.682;0.845;0.709
432147;TIRADENTES DO SUL;0.689;0.569;0.815;0.705
432149;TOROPI;0.683;0.569;0.822;0.680
432150;TORRES;0.762;0.685;0.862;0.750
432160;TRAMANDAÍ;0.719;0.606;0.842;0.727
432162;TRAVESSEIRO;0.701;0.559;0.839;0.735
432163;TRÊS ARROIOS;0.791;0.689;0.851;0.843
432166;TRÊS CACHOEIRAS;0.718;0.606;0.847;0.722
432170;TRÊS COROAS;0.710;0.584;0.829;0.740
432180;TRÊS DE MAIO;0.759;0.694;0.834;0.756
432183;TRÊS FORQUILHAS;0.662;0.539;0.813;0.661
432185;TRÊS PALMEIRAS;0.703;0.560;0.832;0.747
432190;TRÊS PASSOS;0.768;0.710;0.858;0.745
432195;TRINDADE DO SUL;0.687;0.610;0.787;0.675
432200;TRIUNFO;0.733;0.629;0.873;0.717
432210;TUCUNDUVA;0.747;0.682;0.816;0.748
432215;TUNAS;0.657;0.541;0.794;0.659
432218;TUPANCI DO SUL;0.694;0.595;0.818;0.688
432220;TUPANCIRETÃ;0.709;0.596;0.828;0.721
432225;TUPANDI;0.718;0.597;0.836;0.742
432230;TUPARENDI;0.728;0.632;0.832;0.734
432232;TURUÇU;0.629;0.446;0.814;0.685
432234;UBIRETAMA;0.700;0.613;0.809;0.691
432235;UNIÃO DA SERRA;0.733;0.587;0.852;0.786
432237;UNISTALDA;0.649;0.542;0.804;0.626
432240;URUGUAIANA;0.744;0.661;0.863;0.722
432250;VACARIA;0.721;0.605;0.838;0.740
432252;VALE VERDE;0.646;0.497;0.816;0.666
432253;VALE DO SOL;0.624;0.439;0.813;0.681
432254;VALE REAL;0.737;0.636;0.850;0.739
432255;VANINI;0.757;0.704;0.836;0.736
432260;VENÂNCIO AIRES;0.712;0.600;0.818;0.736
432270;VERA CRUZ;0.737;0.643;0.842;0.738
432280;VERANÓPOLIS;0.773;0.692;0.838;0.797
432285;VESPASIANO CORREA;0.723;0.584;0.855;0.758
432290;VIADUTOS;0.702;0.561;0.864;0.715
432300;VIAMÃO;0.717;0.591;0.866;0.720
432310;VICENTE DUTRA;0.638;0.489;0.809;0.656
432320;VICTOR GRAEFF;0.777;0.722;0.840;0.774
432330;VILA FLORES;0.742;0.650;0.867;0.725
432335;VILA LÂNGARO;0.705;0.551;0.839;0.759
432340;VILA MARIA;0.761;0.664;0.839;0.791
432345;VILA NOVA DO SUL;0.662;0.544;0.827;0.645
432350;VISTA ALEGRE;0.739;0.631;0.842;0.760
432360;VISTA ALEGRE DO PRATA;0.780;0.692;0.847;0.809
432370;VISTA GAÚCHA;0.757;0.669;0.839;0.774
432375;VITÓRIA DAS MISSÕES;0.655;0.526;0.809;0.659
432377;WESTFALIA;0.752;0.630;0.849;0.796
432380;XANGRI-LÁ;0.735;0.630;0.852;0.740
