--
-- PostgreSQL database dump
--

-- Dumped from database version 9.5.4
-- Dumped by pg_dump version 9.5.4

-- Started on 2016-11-01 15:22:04 BRST

SET statement_timeout = 0;
SET lock_timeout = 0;
SET client_encoding = 'UTF8';
SET standard_conforming_strings = on;
SET check_function_bodies = false;
SET client_min_messages = warning;
SET row_security = off;

--
-- TOC entry 1 (class 3079 OID 12397)
-- Name: plpgsql; Type: EXTENSION; Schema: -; Owner: 
--

CREATE EXTENSION IF NOT EXISTS plpgsql WITH SCHEMA pg_catalog;


--
-- TOC entry 2180 (class 0 OID 0)
-- Dependencies: 1
-- Name: EXTENSION plpgsql; Type: COMMENT; Schema: -; Owner: 
--

COMMENT ON EXTENSION plpgsql IS 'PL/pgSQL procedural language';


SET search_path = public, pg_catalog;

SET default_tablespace = '';

SET default_with_oids = false;

--
-- TOC entry 184 (class 1259 OID 17088)
-- Name: fatos; Type: TABLE; Schema: public; Owner: postgres
--

CREATE TABLE fatos (
    id integer NOT NULL,
    fato character varying(50)
);


ALTER TABLE fatos OWNER TO postgres;

--
-- TOC entry 183 (class 1259 OID 17086)
-- Name: fatos_id_seq; Type: SEQUENCE; Schema: public; Owner: postgres
--

CREATE SEQUENCE fatos_id_seq
    START WITH 1
    INCREMENT BY 1
    NO MINVALUE
    NO MAXVALUE
    CACHE 1;


ALTER TABLE fatos_id_seq OWNER TO postgres;

--
-- TOC entry 2181 (class 0 OID 0)
-- Dependencies: 183
-- Name: fatos_id_seq; Type: SEQUENCE OWNED BY; Schema: public; Owner: postgres
--

ALTER SEQUENCE fatos_id_seq OWNED BY fatos.id;


--
-- TOC entry 187 (class 1259 OID 17167)
-- Name: ibge; Type: TABLE; Schema: public; Owner: postgres
--

CREATE TABLE ibge (
    codigo integer,
    populacao integer,
    area numeric,
    densidade numeric,
    serie integer
);


ALTER TABLE ibge OWNER TO postgres;

--
-- TOC entry 186 (class 1259 OID 17161)
-- Name: idhm; Type: TABLE; Schema: public; Owner: postgres
--

CREATE TABLE idhm (
    ano integer,
    codigo integer,
    idhm numeric,
    idhm_e numeric,
    idhm_l numeric,
    idhm_r numeric
);


ALTER TABLE idhm OWNER TO postgres;

--
-- TOC entry 182 (class 1259 OID 17080)
-- Name: municipios; Type: TABLE; Schema: public; Owner: postgres
--

CREATE TABLE municipios (
    id integer NOT NULL,
    municipio character varying(30),
    codigo integer
);


ALTER TABLE municipios OWNER TO postgres;

--
-- TOC entry 181 (class 1259 OID 17078)
-- Name: municipios_id_seq; Type: SEQUENCE; Schema: public; Owner: postgres
--

CREATE SEQUENCE municipios_id_seq
    START WITH 1
    INCREMENT BY 1
    NO MINVALUE
    NO MAXVALUE
    CACHE 1;


ALTER TABLE municipios_id_seq OWNER TO postgres;

--
-- TOC entry 2182 (class 0 OID 0)
-- Dependencies: 181
-- Name: municipios_id_seq; Type: SEQUENCE OWNED BY; Schema: public; Owner: postgres
--

ALTER SEQUENCE municipios_id_seq OWNED BY municipios.id;


--
-- TOC entry 185 (class 1259 OID 17096)
-- Name: ocorrencias; Type: TABLE; Schema: public; Owner: postgres
--

CREATE TABLE ocorrencias (
    id_municipio integer NOT NULL,
    id_fato integer NOT NULL,
    ano integer NOT NULL,
    mes integer NOT NULL,
    qtde integer DEFAULT 0
);


ALTER TABLE ocorrencias OWNER TO postgres;

--
-- TOC entry 2042 (class 2604 OID 17091)
-- Name: id; Type: DEFAULT; Schema: public; Owner: postgres
--

ALTER TABLE ONLY fatos ALTER COLUMN id SET DEFAULT nextval('fatos_id_seq'::regclass);


--
-- TOC entry 2041 (class 2604 OID 17083)
-- Name: id; Type: DEFAULT; Schema: public; Owner: postgres
--

ALTER TABLE ONLY municipios ALTER COLUMN id SET DEFAULT nextval('municipios_id_seq'::regclass);


--
-- TOC entry 2169 (class 0 OID 17088)
-- Dependencies: 184
-- Data for Name: fatos; Type: TABLE DATA; Schema: public; Owner: postgres
--

COPY fatos (id, fato) FROM stdin;
1	Delitos relacionados a armas e muniçoes
2	Delitos relacionados à corrupçao
3	Entorpecentes - Posse
4	Entorpecentes - Tráfico
5	Estelionato
6	Extorsão
7	Extorsão mediante sequestro
8	Furto de veículo
9	Furtos
10	Homicidio
11	Latrocínio
12	Roubo de veículo
13	Roubos
\.


--
-- TOC entry 2183 (class 0 OID 0)
-- Dependencies: 183
-- Name: fatos_id_seq; Type: SEQUENCE SET; Schema: public; Owner: postgres
--

SELECT pg_catalog.setval('fatos_id_seq', 13, true);


--
-- TOC entry 2172 (class 0 OID 17167)
-- Dependencies: 187
-- Data for Name: ibge; Type: TABLE DATA; Schema: public; Owner: postgres
--

COPY ibge (codigo, populacao, area, densidade, serie) FROM stdin;
4300034	4394	1547.96	2.8	170132
4300059	3722	291.90	12.8	220083
4300109	16722	536.11	31.2	326991
4300208	7255	323.24	22.4	188838
4300307	7045	316.74	22.4	81068
4300406	77653	7803.95	10.0	1407285
4300455	4301	172.69	24.9	70732
4300471	2067	265.37	7.8	99676
4300505	8027	324.64	24.7	106370
4300554	1848	114.45	16.2	54270
4300570	2917	78.84	36.8	54277
4300604	195673	71.31	2743.9	1830456
4300638	6353	506.46	12.5	80270
4300646	7323	93.49	78.3	68587
4300661	1216	324.33	3.8	98204
4300703	6073	242.96	25.0	134152
4300802	12833	347.62	36.9	324227
4300851	3693	519.12	7.1	100446
4300877	4864	35.15	137.8	105922
4300901	6565	342.50	19.2	736887
4301008	18783	157.96	118.9	725079
4301073	2730	124.32	22.0	38905
4301057	7740	120.91	64.0	142292
4301206	12648	316.51	39.7	278288
4301107	13606	425.93	31.9	163557
4301305	18470	2513.60	7.4	423839
4301404	10225	271.64	37.6	171316
4301503	7096	347.72	20.4	221927
4301552	3665	158.29	23.2	67033
4301602	116794	4093.58	28.5	1879909
4301636	10856	102.25	104.6	143600
4301651	5741	124.56	46.1	176801
4301701	6529	260.21	25.1	135301
4301750	7018	436.40	16.1	89331
4301859	3089	63.37	48.0	33249
4301875	4012	1054.45	3.8	128996
4301909	12572	728.95	17.3	203120
4301925	2003	147.14	13.6	36583
4301958	2367	60.03	39.4	87451
4301800	5357	516.73	10.4	139733
4302006	11133	648.90	17.2	137124
4302055	2307	132.40	17.4	23064
4302105	107278	274.07	280.9	4009349
4302154	2114	194.82	10.9	111690
4302204	6574	108.73	60.5	139075
4302220	2441	700.53	3.5	171665
4302238	2425	503.47	4.8	136707
4302253	2776	92.93	29.4	53653
4302303	11519	2624.67	4.4	239043
4302352	11789	88.50	133.2	322919
4302378	2328	88.74	26.2	43197
4302402	11472	102.33	112.1	182118
4302451	7673	265.52	28.9	98362
4302501	6884	1610.57	4.3	206736
4302584	2200	201.04	10.9	69147
4302600	3702	128.99	28.7	66022
4302659	4675	105.38	43.8	65379
4302709	20406	752.19	27.1	312880
4302808	33690	3047.11	11.1	579518
4302907	13676	2369.95	5.8	242320
4303004	83827	3735.16	22.4	1679183
4303103	118278	44.02	2687.0	3501330
4303202	4868	203.80	23.9	72346
4303301	4954	260.31	19.1	119064
4303400	5071	189.20	26.8	78850
4303509	62764	1679.43	37.4	1320707
4303558	2592	138.07	18.8	124355
4303608	6542	1208.65	5.4	104733
4303673	3247	538.00	6.0	78833
4303707	6117	225.58	27.1	98064
4303806	5506	276.16	19.9	167607
4303905	60074	60.51	992.8	1746751
4304002	5459	222.07	24.6	134946
4304101	3494	226.58	15.4	71792
4304200	30171	943.95	32.0	529912
4304309	6535	246.28	26.5	152210
4304358	8771	933.83	9.4	116892
4304408	39229	253.77	154.6	660348
4304507	53259	3525.29	15.1	740498
4304606	323827	131.10	2470.2	8321523
4304614	1807	81.82	22.1	35327
4304622	1754	527.12	3.3	103146
4304630	42040	97.10	433.0	878807
4304655	3104	1008.87	3.1	226630
4304663	24298	785.37	30.9	346041
4304689	11612	183.07	63.2	137668
4304697	2636	73.97	35.6	52023
4304671	3890	412.72	9.4	159107
4304713	7312	294.46	24.8	76524
4304705	59317	665.09	89.2	1578097
4304804	25192	229.99	110.2	1147663
4304853	1607	83.16	19.3	28797
4304903	8651	271.86	31.8	280919
4304952	3007	235.71	12.8	77504
4305009	9323	583.26	16.0	252414
4305108	435564	1652.31	264.9	18013298
4305116	2965	134.45	22.1	48579
4305124	6402	451.70	14.2	72226
4305132	4454	158.57	28.1	59023
4305157	2417	73.44	32.9	41821
4305173	10268	324.79	31.6	124763
4305207	13289	177.68	74.8	479731
4305306	9377	684.04	13.7	325257
4305355	35320	216.51	163.1	906212
4305371	3471	198.12	17.5	68655
4305405	4044	396.55	10.2	156679
4305439	5917	201.18	29.2	118446
4305447	4944	220.47	22.4	91726
4305454	12668	245.89	51.5	188736
4305504	4922	273.87	18.0	111841
4305587	2420	58.37	41.5	56606
4305603	3550	285.26	12.4	142221
4305702	6552	465.19	14.1	237599
4305801	9752	203.00	48.0	207848
4305835	1528	112.28	13.6	28089
4305850	2457	275.55	8.9	75042
4305871	2459	162.95	15.1	79807
4305900	7748	492.12	15.7	208884
4305934	1725	105.45	16.4	31643
4305959	3917	172.38	22.7	69503
4305975	2826	422.79	6.7	160032
4306007	14084	363.11	38.9	233866
4306056	7280	681.63	10.7	129839
4306072	2826	97.72	28.9	44374
4306106	62821	1360.29	46.2	2289867
4306130	2141	166.88	12.8	57318
4306205	12320	154.14	79.2	237659
4306304	4683	174.94	26.8	102327
4306320	3190	361.17	8.8	69600
4306353	2866	216.85	13.2	28556
4306379	3064	600.55	5.1	88226
4306403	27572	65.16	423.2	1143579
4306429	2157	225.68	9.6	86290
4306452	3278	133.37	24.6	68900
4306502	14380	1356.17	10.6	173530
4306601	38898	5190.24	7.5	922836
4306551	2550	78.16	32.6	43420
4306700	3401	114.35	29.7	57180
4306734	5313	256.87	21.0	139396
4306759	2030	108.43	18.7	43544
4306767	34343	509.73	67.4	784493
4306809	20510	139.16	147.4	540343
4306908	24534	3348.32	7.3	308771
4306924	1527	71.19	21.5	38635
4306957	3080	120.07	25.7	218927
4306932	8938	552.62	16.2	246761
4306973	2970	153.12	19.4	72835
4307005	96087	430.67	223.1	3529230
4307054	3088	239.15	12.9	102817
4307203	5163	285.73	18.1	63048
4307302	7878	363.89	21.7	181057
4307401	3168	829.77	3.8	126066
4307450	3272	148.91	22.1	55243
4307500	15240	783.07	19.5	521559
4307559	6011	100.27	60.0	164670
4307609	42574	52.15	816.4	1027735
4307708	80755	27.68	2917.9	2383405
4307807	30619	184.18	166.3	1048400
4307815	3628	281.67	12.9	110732
4307831	2798	419.30	6.7	154013
4307864	2579	134.30	19.2	57050
4307906	63635	361.68	176.6	1969735
4308003	6672	169.51	39.3	133578
4308052	2567	143.38	17.9	49083
4308078	3697	84.79	43.6	89089
4308102	12359	95.37	129.6	278113
4308201	27126	272.61	99.2	908080
4308250	2018	168.43	12.0	41130
4308300	10719	583.47	18.4	126582
4308409	7014	580.03	12.1	125391
4308433	2479	92.84	26.5	35512
4308458	4575	650.37	7.0	211555
4308508	28843	264.98	108.9	713383
4308607	30689	168.14	181.3	1205022
4308656	3234	803.74	4.0	94241
4308706	5862	204.26	28.7	143508
4308805	8447	510.01	16.6	122808
4308854	1677	184.01	9.1	82618
4308904	16154	286.57	56.4	371521
4309001	17075	855.92	20.0	507737
4309050	6891	323.64	21.3	315781
4309100	32273	237.83	135.7	1179300
4309126	2269	131.40	17.3	39622
4309159	3970	217.53	18.3	59199
4309209	255660	463.50	551.6	8305064
4309258	1598	146.90	10.8	44237
4309308	95204	376.95	252.6	2712045
4309407	22814	297.66	76.6	538935
4309506	8115	290.50	27.9	216280
4309555	4254	44.76	95.0	88917
4307104	6753	1757.61	3.8	82162
4309571	2954	118.28	25.0	50643
4309605	18348	229.40	78.9	1279777
4309654	6043	822.90	7.3	113117
4309704	4919	134.51	36.6	113443
4309753	4371	194.92	22.6	66829
4309803	4710	348.82	13.5	157068
4309902	7171	300.65	23.9	185331
4309951	4061	307.35	13.2	90415
4310009	19310	607.54	31.8	805393
4310108	31660	135.86	233.0	1130246
4310207	78915	689.39	114.5	2505902
4310306	4102	116.48	35.2	88939
4310330	17670	39.40	448.5	313506
4310363	3023	73.69	41.2	136935
4310405	6618	357.44	18.5	161832
4310413	2267	114.11	19.9	47414
4310439	6016	599.25	10.0	152921
4310462	1944	157.88	12.3	74406
4310504	8078	180.96	44.6	117667
4310538	5010	172.80	29.0	72243
4310553	3441	1120.87	3.1	66474
4310579	2344	184.67	12.7	42362
4310603	38159	3406.61	11.2	934111
4310652	2584	206.91	12.5	55718
4310702	4171	212.24	19.7	47418
4310751	2156	122.93	17.5	41987
4310801	19874	63.15	314.7	629154
4310850	4098	128.05	32.0	68823
4310876	2507	338.54	7.4	79539
4310900	3633	179.30	20.3	116116
4311007	27931	2051.02	13.6	490480
4311106	11473	673.40	17.0	184769
4311122	4177	907.94	4.6	52222
4311130	3575	856.46	4.2	151025
4311155	8331	1235.92	6.7	350353
4311205	19579	1930.39	10.2	730054
4311239	2662	108.73	24.5	47749
4311270	1598	138.64	11.5	66844
4311304	27525	1263.50	21.8	742283
4311254	6185	386.96	16.1	83035
4311403	71445	91.16	793.1	2473401
4311429	2487	67.93	36.6	37637
4311502	7679	2600.60	3.0	171385
4311601	5780	245.63	23.5	87149
4311627	5227	32.99	158.4	208392
4311643	1624	63.73	25.5	38758
4311718	4738	1682.82	2.8	178190
4311700	5510	335.03	16.5	98157
4311734	3003	157.85	19.0	34321
4311759	7072	1390.70	5.1	170378
4311775	6905	621.56	11.1	81754
4311791	2527	82.17	31.1	80611
4311809	36364	649.30	56.0	1333062
4311908	5134	229.76	22.4	81751
4311981	3768	337.79	11.2	45407
4312005	2210	98.98	22.3	40275
4312054	4068	125.18	32.5	60222
4312104	5111	311.88	16.4	78899
4312138	2470	238.37	10.4	99027
4312153	3865	46.92	84.2	94682
4312179	1799	113.99	15.7	46336
4312203	4911	208.44	23.6	74645
4312252	7631	424.34	18.0	108611
4312302	4855	130.43	37.2	107899
4312351	1542	82.08	18.8	45010
4312377	3102	549.74	5.6	41315
4312385	2670	69.60	39.1	92564
4312401	59415	424.44	140.1	2177219
4312427	2749	146.11	18.8	75231
4312443	3182	165.51	19.2	44847
4312450	6227	244.65	25.5	71672
4312476	5676	87.83	64.8	117083
4312500	12124	1982.99	6.1	250911
4312609	4791	111.23	43.2	151568
4312617	2988	1197.93	2.5	307345
4312625	1813	111.13	16.3	40243
4312658	15936	361.67	44.1	937004
4312674	1721	155.82	11.0	71581
4312708	12074	468.91	25.8	261069
4312757	3182	148.94	21.3	99006
4312807	4001	74.70	53.8	128773
4312906	8840	211.61	41.8	632058
4312955	1960	94.24	20.8	55231
4313003	3184	102.82	31.0	68999
4313011	2751	97.83	28.1	90920
4313037	4671	191.00	24.5	116014
4313060	18346	62.56	293.3	568006
4313086	2450	103.24	23.7	46039
4313102	6342	313.89	20.2	154230
4313201	19045	291.30	65.4	498646
4313300	22830	258.87	88.2	747533
4313334	2437	254.76	9.6	82737
4313359	3343	149.05	22.4	85867
4313375	22716	217.87	104.3	748074
4313490	3978	123.58	32.2	66461
4313391	3855	192.29	20.1	65785
4313409	238940	223.82	1067.6	6161757
4313425	3925	219.80	18.0	84161
4313441	2277	75.43	30.2	41032
4313466	1757	80.59	21.8	39751
4313508	40906	663.55	61.7	952654
4313607	4243	182.29	23.3	72835
4313656	10969	950.72	11.6	233807
4313706	34328	1419.43	24.2	955711
4313805	6920	144.05	48.0	125092
4313904	38058	490.86	77.5	1384167
4313953	9895	841.23	11.8	221658
4314001	6812	121.45	56.6	186586
4314027	7336	337.84	21.7	114477
4314035	3511	57.41	61.2	62375
4314050	51502	108.76	474.0	869124
4314068	5154	305.00	16.9	81424
4314076	6011	265.11	22.7	130400
4314100	184826	783.42	235.9	6219762
4314134	2196	148.28	14.8	69022
4314159	8044	171.86	46.8	117477
4314175	2212	1375.76	1.6	59887
4314209	7811	608.79	12.8	94543
4314308	3973	414.24	9.6	190841
4314407	328275	1610.08	203.9	5371274
4314423	5182	85.15	60.9	247071
4314456	2513	68.21	36.8	53898
4314464	2130	437.84	4.9	189013
4314472	4471	477.13	9.4	122741
4314498	4497	105.61	42.6	63457
4314506	12780	2249.56	5.7	196379
4314548	\N	105.07	\N	31131
4314555	2757	294.11	9.5	40197
4314605	19841	3539.69	5.6	267348
4314704	10524	230.42	45.7	129305
4314753	2017	67.57	31.0	53395
4314779	3857	505.71	7.6	181282
4314787	1750	99.87	17.5	43250
4314803	30920	159.90	193.4	837854
4314902	1409351	496.68	2837.5	48651075
4315008	5413	251.26	21.7	75619
4315057	2542	105.69	24.1	39648
4315073	1852	114.54	16.3	28710
4315107	10558	281.93	37.6	118537
4315131	1875	106.53	17.6	37894
4315149	2484	49.43	50.3	62266
4315156	6163	255.86	24.1	95033
4315172	2000	172.82	11.6	43747
4315206	4141	205.05	20.2	71642
4315305	23021	3147.63	7.3	299433
4315313	1775	267.99	6.6	77899
4315321	2710	543.36	5.0	121499
4315354	3653	223.64	16.3	127272
4315404	10222	302.68	33.8	125560
4315453	2155	123.44	17.5	41207
4315503	15849	968.50	16.6	305156
4315552	3616	235.32	15.4	68545
4315602	197228	2709.52	72.8	6385316
4315701	37591	2050.65	18.3	659222
4315750	4330	239.56	18.1	94915
4315800	10284	208.63	49.3	304099
4315909	5743	83.17	69.0	104449
4315958	2546	295.01	8.6	74455
4316006	19485	295.64	65.9	384815
4316105	10221	419.34	24.4	214338
4316204	5518	252.21	21.9	126498
4316303	7203	348.73	20.8	104766
4316402	39707	4369.65	9.1	663594
4316428	2595	78.25	33.2	45084
4316436	2869	221.61	13.0	111712
4316451	11880	507.38	23.4	225206
4316477	2669	94.04	28.4	77416
4316501	6747	98.56	67.6	225516
4316600	15373	504.55	30.5	387254
4317103	82464	6941.61	11.9	1223002
4316709	8829	975.51	9.1	484934
4316733	1655	199.47	8.3	56588
4316758	5697	86.98	65.8	150912
4316808	118374	733.41	161.4	5105333
4316972	2352	955.30	2.5	123603
4316907	261031	1781.76	146.0	5152161
4316956	6053	139.70	43.4	155790
4317202	68587	489.80	140.0	1963674
4317251	1720	73.98	23.8	30095
4317301	30990	5243.58	5.9	606519
4317004	8242	1420.62	5.8	110833
4317400	49071	2413.13	20.3	799894
4317509	76275	680.50	112.1	1588491
4317608	39685	1049.81	37.8	770015
4317707	11210	1710.87	6.6	215159
4317558	2139	126.09	17.0	59936
4317756	1987	203.44	9.8	83019
4317806	13968	468.10	29.8	381253
4317905	14378	366.89	39.2	347939
4317954	2461	125.59	19.6	51171
4318002	61671	3616.69	17.1	1352369
4318051	2926	78.72	37.1	46124
4318101	19254	2508.45	7.7	308597
4318200	20537	3264.49	6.3	388137
4318309	60425	5023.82	12.0	1090841
4318408	22134	936.38	23.6	379847
4318424	4726	171.18	27.6	94165
4318432	2635	78.22	30.9	47063
4318440	2774	118.05	23.5	60842
4318457	2720	98.07	27.7	43739
4318465	2204	103.09	21.4	38144
4318481	4094	64.11	63.9	92100
4318499	2200	77.81	28.3	60135
4318507	25503	1118.10	22.8	253236
4318606	6904	334.77	20.6	205958
4318614	2082	59.03	35.3	43348
4318622	3290	1173.95	2.8	74387
4318705	214087	102.74	2083.8	5046475
4318804	43111	2036.13	21.2	726467
4318903	34556	1295.68	26.7	819299
4319000	20103	256.25	78.5	464149
4319109	5773	171.66	33.6	160837
4319125	3201	669.55	4.8	145023
4319158	7421	1229.62	6.0	345552
4319208	5727	485.35	11.8	89456
4319307	6364	223.89	28.4	106610
4319356	3315	35.39	93.7	53370
4319364	1886	79.97	23.6	39415
4319372	2873	107.63	26.7	64379
4319406	16368	873.59	18.7	249431
4319505	21932	112.12	196.8	464481
4319604	23798	2202.65	10.8	516015
4319703	3632	154.19	23.6	68789
4319711	2168	91.90	23.5	40431
4319737	2647	107.97	24.5	46524
4319752	1944	32.42	60.6	65257
4319802	8440	1175.23	7.2	166271
4319901	74985	138.03	542.1	1894816
4320008	130957	58.31	2245.9	2321409
4320107	21285	353.39	60.2	550436
4320206	10897	301.42	36.2	241290
4320230	3011	119.30	25.2	77148
4320263	7158	245.81	28.9	104576
4320305	4929	177.64	27.8	153765
4320321	2814	147.21	19.1	65772
4320354	5198	281.96	18.4	70062
4320404	14253	163.28	87.3	434526
4320453	2281	100.36	22.9	34359
4320503	6294	439.47	14.3	205930
4320552	5850	251.85	23.2	108899
4320578	2124	129.99	16.3	49465
4320602	3842	167.60	22.9	71967
4320651	2449	119.29	20.7	37340
4320677	10068	510.12	19.7	154168
4320701	14283	128.08	109.5	277023
4320800	30044	1213.41	24.8	534207
4320859	4131	94.75	43.6	64115
4320909	19250	238.62	80.6	534630
4321006	10448	179.66	58.2	273674
4321105	16629	806.30	20.6	256444
4321204	54643	457.88	119.4	921195
4321303	26092	349.97	74.6	501722
4321329	2966	76.85	38.6	72651
4321352	5351	604.25	8.9	66535
4321402	13719	337.96	40.6	245838
4321436	9878	141.77	69.7	124438
4321451	27272	178.46	152.7	846766
4321469	2724	113.91	23.9	83979
4321477	6461	236.20	27.6	92097
4321493	2952	202.98	14.5	51468
4321501	34656	160.57	215.8	682237
4321600	41585	144.41	288.0	671452
4321626	2314	81.12	28.5	53066
4321634	2855	148.58	19.2	101990
4321667	10217	251.06	40.7	152081
4321709	23848	185.54	128.5	676619
4321808	23726	422.20	56.2	600293
4321832	2914	217.26	13.4	41034
4321857	4381	180.60	24.3	91817
4321907	23965	268.40	89.3	488566
4321956	5787	268.42	21.6	120170
4322004	25793	818.80	31.5	4678770
4322103	5898	180.81	32.6	141152
4322152	4395	218.07	20.2	61231
4322186	1573	135.26	11.6	36997
4322202	22281	2251.04	9.9	931334
4322251	3924	59.54	65.9	288223
4322301	8557	307.68	27.8	191374
4322327	3522	253.64	13.9	68904
4322343	2296	126.69	18.1	43061
4322350	1487	130.99	11.4	43160
4322376	2450	602.39	4.1	43787
4322400	125435	5703.59	22.0	1900353
4322509	61342	2124.58	28.9	1492095
4322533	11077	328.23	33.8	186287
4322541	5118	45.09	113.5	80269
4322525	3253	329.73	9.9	61963
4322558	1984	65.11	30.6	45850
4322608	65946	772.23	85.3	2327766
4322707	23983	309.62	77.5	519055
4322806	22810	289.43	78.8	750885
4322855	1974	113.89	17.3	49195
4322905	5311	268.24	19.8	114582
4323002	239384	1497.09	159.9	2414171
4323101	5285	193.06	27.4	76207
4323200	3036	238.27	12.7	140507
4323309	3207	107.82	29.7	119314
4323358	2152	152.17	14.1	83777
4323408	4221	181.33	23.3	174817
4323457	4221	507.94	8.3	73684
4323507	2832	77.46	36.6	50664
4323606	1569	119.33	13.2	39755
4323705	2759	89.80	31.1	52083
4323754	3485	259.61	13.4	62570
4323770	2793	63.67	43.6	94171
4323804	12434	60.69	204.9	289622
\.


--
-- TOC entry 2171 (class 0 OID 17161)
-- Dependencies: 186
-- Data for Name: idhm; Type: TABLE DATA; Schema: public; Owner: postgres
--

COPY idhm (ano, codigo, idhm, idhm_e, idhm_l, idhm_r) FROM stdin;
1991	4300034	0.509	0.284	0.749	0.620
1991	4300059	0.448	0.209	0.752	0.573
1991	4300109	0.449	0.195	0.726	0.639
1991	4300208	0.498	0.289	0.720	0.593
1991	4300307	0.425	0.209	0.718	0.513
1991	4300406	0.524	0.322	0.686	0.651
1991	4300455	0.412	0.185	0.720	0.525
1991	4300471	0.491	0.299	0.729	0.542
1991	4300505	0.346	0.135	0.677	0.453
1991	4300554	0.567	0.408	0.734	0.609
1991	4300570	0.500	0.281	0.754	0.590
1991	4300604	0.472	0.245	0.717	0.600
1991	4300638	0.356	0.115	0.686	0.572
1991	4300646	0.392	0.170	0.694	0.512
1991	4300661	0.504	0.279	0.763	0.601
1991	4300703	0.486	0.248	0.734	0.630
1991	4300802	0.543	0.317	0.721	0.700
1991	4300851	0.348	0.123	0.669	0.513
1991	4300877	0.414	0.166	0.730	0.584
1991	4300901	0.455	0.218	0.750	0.575
1991	4301008	0.557	0.347	0.772	0.646
1991	4301057	0.480	0.230	0.751	0.640
1991	4301073	0.319	0.086	0.736	0.511
1991	4301107	0.468	0.256	0.705	0.567
1991	4301206	0.433	0.213	0.692	0.551
1991	4301305	0.484	0.279	0.682	0.595
1991	4301404	0.458	0.224	0.694	0.619
1991	4301503	0.502	0.277	0.716	0.636
1991	4301552	0.408	0.180	0.705	0.535
1991	4301602	0.561	0.364	0.749	0.648
1991	4301636	0.440	0.208	0.678	0.602
1991	4301651	0.456	0.230	0.722	0.571
1991	4301701	0.450	0.229	0.710	0.561
1991	4301750	0.363	0.130	0.694	0.531
1991	4301800	0.439	0.207	0.765	0.535
1991	4301859	0.410	0.194	0.727	0.489
1991	4301875	0.479	0.255	0.658	0.655
1991	4301909	0.479	0.246	0.713	0.628
1991	4301925	0.443	0.214	0.733	0.556
1991	4301958	0.501	0.307	0.742	0.552
1991	4302006	0.361	0.136	0.653	0.531
1991	4302055	0.312	0.110	0.653	0.423
1991	4302105	0.612	0.415	0.777	0.711
1991	4302154	0.340	0.120	0.696	0.472
1991	4302204	0.535	0.360	0.750	0.566
1991	4302220	0.411	0.170	0.733	0.559
1991	4302238	0.486	0.268	0.760	0.565
1991	4302253	0.491	0.253	0.757	0.618
1991	4302303	0.420	0.194	0.664	0.574
1991	4302352	0.520	0.289	0.761	0.639
1991	4302378	0.407	0.188	0.726	0.493
1991	4302402	0.501	0.292	0.708	0.609
1991	4302451	0.452	0.212	0.717	0.608
1991	4302501	0.457	0.244	0.709	0.550
1991	4302584	0.447	0.227	0.720	0.547
1991	4302600	0.375	0.175	0.653	0.463
1991	4302659	0.471	0.237	0.760	0.581
1991	4302709	0.455	0.232	0.704	0.576
1991	4302808	0.494	0.294	0.686	0.596
1991	4302907	0.491	0.305	0.671	0.579
1991	4303004	0.546	0.326	0.759	0.659
1991	4303103	0.546	0.342	0.733	0.651
1991	4303202	0.424	0.225	0.647	0.524
1991	4303301	0.483	0.263	0.728	0.588
1991	4303400	0.471	0.248	0.729	0.577
1991	4303509	0.469	0.240	0.689	0.624
1991	4303558	0.457	0.203	0.751	0.626
1991	4303608	0.476	0.260	0.706	0.586
1991	4303673	0.436	0.186	0.765	0.584
1991	4303707	0.515	0.369	0.706	0.524
1991	4303806	0.528	0.320	0.727	0.632
1991	4303905	0.517	0.270	0.772	0.663
1991	4304002	0.477	0.288	0.684	0.550
1991	4304101	0.428	0.212	0.714	0.518
1991	4304200	0.428	0.196	0.700	0.571
1991	4304309	0.491	0.294	0.760	0.531
1991	4304358	0.502	0.274	0.753	0.612
1991	4304408	0.494	0.253	0.750	0.634
1991	4304507	0.381	0.144	0.693	0.555
1991	4304606	0.556	0.349	0.733	0.671
1991	4304614	0.391	0.142	0.758	0.554
1991	4304622	0.442	0.257	0.650	0.518
1991	4304630	0.526	0.307	0.744	0.638
1991	4304655	0.383	0.131	0.766	0.559
1991	4304663	0.413	0.183	0.711	0.542
1991	4304671	0.511	0.268	0.763	0.651
1991	4304689	0.416	0.175	0.699	0.588
1991	4304697	0.398	0.157	0.707	0.570
1991	4304705	0.562	0.390	0.703	0.649
1991	4304713	0.370	0.135	0.720	0.523
1991	4304804	0.553	0.332	0.742	0.688
1991	4304853	0.423	0.169	0.746	0.600
1991	4304903	0.531	0.324	0.750	0.617
1991	4304952	0.415	0.192	0.688	0.541
1991	4305009	0.542	0.332	0.754	0.636
1991	4305108	0.594	0.381	0.756	0.728
1991	4305116	0.390	0.138	0.754	0.572
1991	4305124	0.415	0.181	0.693	0.569
1991	4305132	0.420	0.200	0.696	0.534
1991	4305157	0.388	0.190	0.669	0.458
1991	4305173	0.371	0.122	0.701	0.599
1991	4305207	0.541	0.356	0.767	0.581
1991	4305306	0.490	0.272	0.720	0.602
1991	4305355	0.551	0.357	0.765	0.613
1991	4305371	0.375	0.130	0.765	0.532
1991	4305405	0.496	0.289	0.720	0.585
1991	4305439	0.539	0.318	0.691	0.712
2010	4313508	0.751	0.646	0.853	0.769
1991	4305447	0.296	0.066	0.713	0.550
1991	4305454	0.466	0.231	0.706	0.621
1991	4305504	0.446	0.230	0.700	0.550
1991	4305587	0.535	0.331	0.747	0.619
1991	4305603	0.548	0.317	0.727	0.713
1991	4305702	0.473	0.242	0.754	0.580
1991	4305801	0.488	0.272	0.746	0.572
1991	4305835	0.385	0.131	0.758	0.573
1991	4305850	0.422	0.210	0.705	0.508
1991	4305871	0.451	0.213	0.762	0.565
1991	4305900	0.445	0.226	0.716	0.543
1991	4305934	0.519	0.321	0.733	0.595
1991	4305959	0.505	0.275	0.733	0.639
1991	4305975	0.415	0.171	0.750	0.558
1991	4306007	0.469	0.250	0.727	0.568
1991	4306056	0.433	0.176	0.719	0.641
1991	4306072	0.315	0.124	0.681	0.371
1991	4306106	0.559	0.368	0.727	0.653
1991	4306130	0.356	0.130	0.710	0.489
1991	4306205	0.506	0.289	0.733	0.610
1991	4306304	0.499	0.291	0.750	0.571
1991	4306320	0.361	0.152	0.710	0.436
1991	4306353	0.408	0.208	0.689	0.474
1991	4306379	0.411	0.169	0.750	0.548
1991	4306403	0.535	0.306	0.747	0.669
1991	4306429	0.363	0.133	0.653	0.549
1991	4306452	0.513	0.252	0.767	0.698
1991	4306502	0.318	0.088	0.669	0.544
1991	4306551	0.395	0.167	0.715	0.515
1991	4306601	0.515	0.337	0.662	0.611
1991	4306700	0.479	0.253	0.701	0.618
1991	4306734	0.482	0.283	0.721	0.549
1991	4306759	0.405	0.165	0.721	0.557
1991	4306767	0.480	0.252	0.710	0.619
1991	4306809	0.603	0.413	0.772	0.688
1991	4306908	0.431	0.199	0.694	0.578
1991	4306924	0.353	0.122	0.674	0.536
1991	4306932	0.473	0.253	0.745	0.561
1991	4306957	0.382	0.143	0.710	0.548
1991	4306973	0.459	0.235	0.737	0.557
1991	4307005	0.578	0.378	0.746	0.686
1991	4307054	0.475	0.266	0.727	0.555
1991	4307104	0.443	0.209	0.720	0.577
1991	4307203	0.338	0.095	0.765	0.531
1991	4307302	0.434	0.223	0.721	0.509
1991	4307401	0.478	0.257	0.748	0.569
1991	4307450	0.398	0.198	0.651	0.490
1991	4307500	0.519	0.289	0.760	0.636
1991	4307559	0.534	0.340	0.748	0.600
1991	4307609	0.537	0.301	0.760	0.676
1991	4307708	0.589	0.409	0.742	0.675
1991	4307807	0.564	0.361	0.751	0.662
1991	4307815	0.374	0.152	0.705	0.489
1991	4307831	0.469	0.241	0.760	0.563
1991	4307864	0.473	0.215	0.781	0.629
1991	4307906	0.560	0.321	0.772	0.708
1991	4308003	0.540	0.360	0.735	0.594
1991	4308052	0.408	0.201	0.659	0.514
1991	4308078	0.429	0.181	0.717	0.609
1991	4308102	0.563	0.343	0.761	0.683
1991	4308201	0.523	0.275	0.762	0.682
1991	4308250	0.347	0.108	0.719	0.536
1991	4308300	0.331	0.099	0.734	0.501
1991	4308409	0.454	0.217	0.725	0.593
1991	4308433	0.467	0.219	0.758	0.613
1991	4308458	0.535	0.304	0.734	0.688
1991	4308508	0.536	0.329	0.749	0.626
1991	4308607	0.575	0.367	0.743	0.698
1991	4308656	0.252	0.052	0.681	0.453
1991	4308706	0.498	0.273	0.781	0.579
1991	4308805	0.471	0.249	0.717	0.585
1991	4308854	0.410	0.182	0.730	0.519
1991	4308904	0.532	0.347	0.710	0.612
1991	4309001	0.479	0.278	0.684	0.578
1991	4309050	0.424	0.178	0.741	0.579
1991	4309100	0.546	0.308	0.780	0.676
1991	4309126	0.336	0.139	0.658	0.413
1991	4309159	0.356	0.124	0.669	0.544
1991	4309209	0.540	0.332	0.750	0.634
1991	4309258	0.489	0.258	0.780	0.582
1991	4309308	0.522	0.301	0.750	0.629
1991	4309407	0.553	0.359	0.724	0.649
1991	4309506	0.471	0.257	0.727	0.561
1991	4309555	0.541	0.320	0.746	0.662
1991	4309571	0.299	0.073	0.705	0.520
1991	4309605	0.568	0.390	0.750	0.628
1991	4309654	0.386	0.163	0.653	0.541
1991	4309704	0.538	0.349	0.762	0.585
1991	4309753	0.369	0.134	0.647	0.578
1991	4309803	0.484	0.257	0.758	0.581
1991	4309902	0.489	0.257	0.734	0.621
1991	4309951	0.417	0.193	0.703	0.533
1991	4310009	0.511	0.279	0.734	0.650
1991	4310108	0.481	0.229	0.746	0.652
1991	4310207	0.553	0.364	0.720	0.646
1991	4310306	0.471	0.242	0.756	0.570
1991	4310330	0.547	0.339	0.744	0.650
1991	4310363	0.514	0.276	0.759	0.649
1991	4310405	0.465	0.251	0.745	0.539
1991	4310413	0.369	0.131	0.716	0.537
1991	4310439	0.503	0.256	0.744	0.669
1991	4310462	0.488	0.244	0.788	0.606
1991	4310504	0.469	0.246	0.705	0.595
1991	4310538	0.450	0.221	0.746	0.552
1991	4310553	0.420	0.182	0.693	0.587
1991	4310579	0.377	0.139	0.703	0.548
1991	4310603	0.504	0.280	0.754	0.606
1991	4310652	0.397	0.158	0.715	0.553
1991	4310702	0.374	0.159	0.705	0.467
1991	4310751	0.512	0.310	0.754	0.573
1991	4310801	0.551	0.315	0.777	0.685
1991	4310850	0.414	0.200	0.694	0.512
1991	4310876	0.344	0.098	0.714	0.582
1991	4310900	0.508	0.299	0.734	0.597
1991	4311007	0.512	0.306	0.706	0.621
1991	4311106	0.506	0.289	0.742	0.603
1991	4311122	0.363	0.144	0.650	0.513
1991	4311130	0.273	0.055	0.720	0.514
1991	4311155	0.450	0.234	0.714	0.546
1991	4311205	0.542	0.332	0.750	0.639
1991	4311239	0.339	0.105	0.705	0.528
1991	4311254	0.296	0.088	0.650	0.455
1991	4311270	0.566	0.362	0.760	0.659
1991	4311304	0.520	0.321	0.734	0.596
1991	4311403	0.598	0.409	0.748	0.698
1991	4311429	0.233	0.054	0.685	0.342
1991	4311502	0.504	0.301	0.669	0.635
1991	4311601	0.363	0.150	0.705	0.453
1991	4311627	0.427	0.182	0.720	0.595
1991	4311643	0.475	0.227	0.735	0.641
1991	4311700	0.454	0.244	0.707	0.544
1991	4311718	0.403	0.171	0.686	0.559
1991	4311734	0.372	0.138	0.678	0.550
1991	4311759	0.410	0.188	0.669	0.546
1991	4311775	0.460	0.238	0.717	0.572
1991	4311791	0.474	0.232	0.754	0.609
1991	4311809	0.542	0.324	0.751	0.655
1991	4311908	0.478	0.241	0.759	0.597
1991	4311981	0.449	0.211	0.754	0.570
1991	4312005	0.483	0.238	0.763	0.621
1991	4312054	0.482	0.236	0.777	0.610
1991	4312104	0.431	0.194	0.711	0.579
1991	4312138	0.434	0.213	0.710	0.541
1991	4312153	0.472	0.238	0.721	0.612
1991	4312179	0.461	0.261	0.760	0.494
1991	4312203	0.445	0.228	0.658	0.586
1991	4312252	0.417	0.188	0.690	0.557
1991	4312302	0.412	0.196	0.706	0.506
1991	4312351	0.484	0.238	0.762	0.624
1991	4312377	0.305	0.085	0.686	0.486
1991	4312385	0.498	0.255	0.777	0.625
1991	4312401	0.543	0.322	0.742	0.669
1991	4312427	0.408	0.176	0.734	0.525
1991	4312443	0.397	0.168	0.678	0.548
1991	4312450	0.437	0.204	0.736	0.557
1991	4312476	0.428	0.171	0.750	0.613
1991	4312500	0.439	0.177	0.754	0.634
1991	4312609	0.549	0.332	0.759	0.657
1991	4312617	0.397	0.167	0.689	0.544
1991	4312625	0.404	0.179	0.688	0.535
1991	4312658	0.572	0.390	0.727	0.659
1991	4312674	0.410	0.166	0.742	0.561
1991	4312708	0.442	0.209	0.695	0.594
1991	4312757	0.455	0.205	0.710	0.648
1991	4312807	0.580	0.397	0.742	0.663
1991	4312906	0.525	0.299	0.748	0.647
1991	4312955	0.509	0.330	0.721	0.555
1991	4313003	0.553	0.331	0.788	0.647
1991	4313011	0.385	0.156	0.743	0.494
1991	4313037	0.526	0.322	0.750	0.601
1991	4313060	0.436	0.191	0.707	0.615
1991	4313086	0.525	0.294	0.782	0.631
1991	4313102	0.510	0.293	0.760	0.595
1991	4313201	0.589	0.382	0.788	0.680
1991	4313300	0.586	0.397	0.763	0.664
1991	4313334	0.416	0.151	0.720	0.663
1991	4313359	0.533	0.316	0.745	0.642
1991	4313375	0.455	0.215	0.701	0.623
1991	4313391	0.415	0.183	0.689	0.566
1991	4313409	0.544	0.315	0.732	0.697
1991	4313425	0.447	0.228	0.738	0.530
1991	4313441	0.406	0.200	0.705	0.475
1991	4313466	0.412	0.188	0.751	0.497
1991	4313490	0.368	0.160	0.729	0.426
1991	4313508	0.565	0.341	0.788	0.672
1991	4313607	0.465	0.267	0.720	0.522
1991	4313656	0.498	0.253	0.754	0.649
1991	4313706	0.500	0.270	0.750	0.618
1991	4313805	0.413	0.200	0.705	0.500
1991	4313904	0.537	0.336	0.762	0.606
1991	4313953	0.444	0.216	0.696	0.581
1991	4314001	0.566	0.352	0.780	0.661
1991	4314027	0.441	0.203	0.696	0.605
1991	4314035	0.478	0.219	0.780	0.639
1991	4314050	0.444	0.183	0.760	0.628
1991	4314068	0.300	0.080	0.681	0.494
1991	4314076	0.483	0.226	0.739	0.673
1991	4314100	0.589	0.421	0.717	0.678
1991	4314134	0.407	0.178	0.763	0.498
1991	4314159	0.387	0.139	0.754	0.554
1991	4314175	0.372	0.139	0.686	0.541
1991	4314209	0.518	0.318	0.693	0.631
1991	4314308	0.542	0.345	0.720	0.642
1991	4314407	0.558	0.354	0.736	0.666
1991	4314423	0.520	0.291	0.727	0.663
1991	4314456	0.403	0.184	0.718	0.496
1991	4314464	0.278	0.075	0.706	0.407
1991	4314472	0.405	0.169	0.702	0.561
1991	4314498	0.375	0.141	0.710	0.526
1991	4314506	0.425	0.189	0.686	0.594
1991	4314555	0.391	0.188	0.684	0.466
1991	4314605	0.408	0.173	0.720	0.547
1991	4314704	0.444	0.233	0.699	0.538
1991	4314753	0.489	0.253	0.754	0.614
1991	4314779	0.373	0.138	0.688	0.547
1991	4314787	0.336	0.106	0.750	0.477
1991	4314803	0.453	0.214	0.714	0.610
1991	4314902	0.660	0.494	0.748	0.779
1991	4315008	0.437	0.232	0.705	0.509
1991	4315057	0.474	0.284	0.735	0.511
1991	4315073	0.406	0.198	0.730	0.464
1991	4315107	0.490	0.271	0.747	0.581
1991	4315131	0.497	0.260	0.772	0.613
1991	4315149	0.455	0.207	0.763	0.595
1991	4315156	0.405	0.169	0.676	0.580
1991	4315172	0.423	0.171	0.742	0.597
1991	4315206	0.444	0.215	0.734	0.556
1991	4315305	0.542	0.355	0.714	0.628
1991	4315313	0.330	0.105	0.705	0.485
1991	4315321	0.343	0.120	0.711	0.474
1991	4315354	0.477	0.230	0.734	0.643
1991	4315404	0.350	0.140	0.623	0.491
1991	4315453	0.406	0.161	0.715	0.580
1991	4315503	0.490	0.275	0.701	0.610
1991	4315552	0.327	0.123	0.707	0.401
1991	4315602	0.527	0.314	0.717	0.651
1991	4315701	0.482	0.268	0.696	0.602
1991	4315750	0.420	0.175	0.760	0.557
1991	4315800	0.510	0.288	0.745	0.618
1991	4315909	0.496	0.293	0.751	0.555
1991	4315958	0.366	0.145	0.745	0.454
1991	4316006	0.444	0.207	0.727	0.580
1991	4316105	0.457	0.240	0.730	0.544
1991	4316204	0.494	0.266	0.751	0.604
1991	4316303	0.448	0.237	0.717	0.528
1991	4316402	0.496	0.290	0.714	0.591
1991	4316428	0.327	0.124	0.713	0.395
1991	4316436	0.508	0.258	0.734	0.694
1991	4316451	0.459	0.232	0.689	0.606
1991	4316477	0.518	0.362	0.709	0.542
1991	4316501	0.524	0.299	0.762	0.630
1991	4316600	0.513	0.302	0.750	0.596
1991	4316709	0.541	0.342	0.734	0.631
1991	4316733	0.372	0.137	0.730	0.516
1991	4316758	0.493	0.267	0.758	0.591
1991	4316808	0.561	0.353	0.733	0.681
1991	4316907	0.609	0.428	0.756	0.699
1991	4316956	0.401	0.152	0.727	0.584
1991	4316972	0.426	0.182	0.760	0.560
1991	4317004	0.388	0.172	0.704	0.483
1991	4317103	0.557	0.382	0.706	0.641
1991	4317202	0.555	0.359	0.745	0.640
1991	4317251	0.461	0.211	0.780	0.594
1991	4317301	0.501	0.290	0.668	0.649
1991	4317400	0.559	0.371	0.766	0.616
1991	4317509	0.568	0.374	0.752	0.651
1991	4317558	0.453	0.211	0.760	0.579
1991	4317608	0.508	0.281	0.748	0.625
1991	4317707	0.435	0.210	0.710	0.551
1991	4317756	0.510	0.276	0.765	0.630
1991	4317806	0.480	0.256	0.700	0.616
1991	4317905	0.503	0.304	0.734	0.570
1991	4317954	0.379	0.161	0.717	0.470
1991	4318002	0.540	0.331	0.754	0.632
1991	4318051	0.568	0.375	0.751	0.651
1991	4318101	0.445	0.223	0.720	0.547
1991	4318200	0.464	0.243	0.678	0.608
1991	4318309	0.518	0.294	0.750	0.632
1991	4318408	0.478	0.238	0.720	0.639
1991	4318424	0.428	0.211	0.734	0.506
1991	4318432	0.499	0.286	0.720	0.605
1991	4318440	0.506	0.298	0.720	0.604
1991	4318457	0.326	0.099	0.711	0.492
1991	4318465	0.407	0.172	0.734	0.533
1991	4318481	0.481	0.253	0.752	0.584
1991	4318499	0.441	0.221	0.750	0.517
1991	4318507	0.360	0.141	0.626	0.527
1991	4318606	0.489	0.287	0.700	0.581
1991	4318614	0.416	0.167	0.734	0.588
1991	4318622	0.420	0.190	0.686	0.569
1991	4318705	0.543	0.327	0.715	0.684
1991	4318804	0.469	0.227	0.736	0.618
1991	4318903	0.520	0.328	0.702	0.612
1991	4319000	0.555	0.320	0.761	0.702
1991	4319109	0.470	0.275	0.720	0.525
1991	4319125	0.369	0.130	0.752	0.515
1991	4319158	0.403	0.184	0.673	0.527
1991	4319208	0.393	0.163	0.694	0.537
1991	4319307	0.441	0.243	0.717	0.492
1991	4319356	0.546	0.328	0.754	0.658
1991	4319364	0.398	0.196	0.711	0.452
1991	4319372	0.553	0.373	0.748	0.607
1991	4319406	0.476	0.272	0.694	0.571
1991	4319505	0.552	0.339	0.744	0.668
1991	4319604	0.506	0.293	0.717	0.617
1991	4319703	0.458	0.219	0.729	0.601
1991	4319711	0.502	0.280	0.760	0.596
1991	4319737	0.431	0.238	0.716	0.470
1991	4319752	0.509	0.273	0.777	0.622
1991	4319802	0.488	0.250	0.752	0.617
1991	4319901	0.463	0.212	0.736	0.636
1991	4320008	0.513	0.288	0.748	0.625
1991	4320107	0.535	0.332	0.766	0.603
1991	4320206	0.406	0.178	0.734	0.514
1991	4320230	0.451	0.229	0.754	0.532
1991	4320263	0.394	0.176	0.672	0.517
1991	4320305	0.570	0.412	0.727	0.618
1991	4320321	0.393	0.171	0.720	0.493
1991	4320354	0.375	0.135	0.707	0.554
1991	4320404	0.561	0.358	0.750	0.658
1991	4320453	0.367	0.128	0.727	0.531
1991	4320503	0.495	0.293	0.752	0.552
1991	4320552	0.409	0.179	0.664	0.577
1991	4320578	0.389	0.175	0.717	0.468
1991	4320602	0.451	0.230	0.750	0.533
1991	4320651	0.502	0.282	0.760	0.589
1991	4320677	0.374	0.134	0.705	0.553
1991	4320701	0.538	0.361	0.692	0.623
1991	4320800	0.522	0.316	0.734	0.615
1991	4320859	0.379	0.156	0.687	0.509
1991	4320909	0.490	0.274	0.707	0.608
1991	4321006	0.553	0.376	0.703	0.640
1991	4321105	0.498	0.267	0.714	0.646
1991	4321204	0.537	0.289	0.788	0.679
1991	4321303	0.498	0.289	0.709	0.603
1991	4321329	0.435	0.189	0.734	0.595
1991	4321352	0.426	0.171	0.744	0.608
1991	4321402	0.480	0.285	0.711	0.547
1991	4321436	0.487	0.265	0.720	0.606
1991	4321451	0.535	0.314	0.747	0.654
1991	4321469	0.428	0.200	0.727	0.540
1991	4321477	0.392	0.170	0.734	0.484
1991	4321493	0.368	0.141	0.698	0.507
1991	4321501	0.538	0.319	0.745	0.657
1991	4321600	0.504	0.288	0.714	0.622
1991	4321626	0.440	0.220	0.694	0.559
1991	4321634	0.482	0.240	0.763	0.612
1991	4321667	0.509	0.258	0.744	0.685
1991	4321709	0.478	0.243	0.711	0.631
1991	4321808	0.533	0.339	0.750	0.595
1991	4321832	0.378	0.147	0.715	0.514
1991	4321857	0.388	0.157	0.734	0.508
1991	4321907	0.523	0.317	0.754	0.598
1991	4321956	0.378	0.158	0.734	0.464
1991	4322004	0.492	0.267	0.706	0.633
1991	4322103	0.562	0.374	0.750	0.632
1991	4322152	0.319	0.102	0.667	0.479
1991	4322186	0.401	0.201	0.681	0.471
1991	4322202	0.512	0.308	0.702	0.619
1991	4322251	0.405	0.153	0.754	0.575
1991	4322301	0.495	0.288	0.750	0.563
1991	4322327	0.352	0.117	0.694	0.535
1991	4322343	0.432	0.226	0.720	0.497
1991	4322350	0.401	0.150	0.781	0.550
1991	4322376	0.376	0.153	0.702	0.494
1991	4322400	0.550	0.357	0.715	0.653
1991	4322509	0.535	0.329	0.734	0.633
1991	4322525	0.403	0.151	0.705	0.613
1991	4322533	0.335	0.094	0.719	0.555
1991	4322541	0.451	0.220	0.721	0.579
1991	4322558	0.563	0.432	0.720	0.575
1991	4322608	0.477	0.245	0.734	0.603
1991	4322707	0.456	0.219	0.721	0.600
1991	4322806	0.600	0.410	0.777	0.678
1991	4322855	0.430	0.180	0.772	0.571
1991	4322905	0.417	0.163	0.745	0.595
1991	4323002	0.511	0.281	0.758	0.626
1991	4323101	0.358	0.133	0.705	0.491
1991	4323200	0.516	0.320	0.721	0.597
1991	4323309	0.563	0.368	0.713	0.681
1991	4323358	0.412	0.178	0.742	0.530
1991	4323408	0.464	0.214	0.751	0.622
1991	4323457	0.379	0.163	0.671	0.499
1991	4323507	0.452	0.219	0.705	0.600
1991	4323606	0.437	0.171	0.748	0.654
1991	4323705	0.461	0.260	0.720	0.523
1991	4323754	0.432	0.209	0.707	0.547
1991	4323770	0.564	0.358	0.759	0.660
1991	4323804	0.502	0.252	0.761	0.658
2000	4300034	0.621	0.459	0.811	0.644
2000	4300059	0.630	0.461	0.841	0.645
2000	4300109	0.593	0.382	0.803	0.680
2000	4300208	0.646	0.513	0.804	0.653
2000	4300307	0.548	0.367	0.777	0.576
2000	4300406	0.641	0.507	0.770	0.675
2000	4300455	0.578	0.423	0.786	0.582
2000	4300471	0.601	0.447	0.769	0.631
2000	4300505	0.524	0.332	0.769	0.564
2000	4300554	0.662	0.541	0.836	0.641
2000	4300570	0.640	0.468	0.845	0.663
2000	4300604	0.582	0.382	0.805	0.640
2000	4300638	0.507	0.274	0.771	0.618
2000	4300646	0.539	0.346	0.723	0.627
2000	4300661	0.591	0.358	0.821	0.704
2000	4300703	0.642	0.470	0.777	0.724
2000	4300802	0.683	0.558	0.768	0.744
2000	4300851	0.560	0.371	0.760	0.624
2000	4300877	0.565	0.367	0.771	0.637
2000	4300901	0.615	0.457	0.804	0.633
2000	4301008	0.690	0.555	0.819	0.724
2000	4301057	0.664	0.507	0.825	0.699
2000	4301073	0.560	0.348	0.790	0.640
2000	4301107	0.610	0.455	0.774	0.645
2000	4301206	0.568	0.382	0.754	0.635
2000	4301305	0.588	0.422	0.743	0.650
2000	4301404	0.593	0.414	0.737	0.683
2000	4301503	0.635	0.480	0.815	0.653
2000	4301552	0.582	0.431	0.766	0.596
2000	4301602	0.659	0.524	0.790	0.692
2000	4301636	0.618	0.443	0.761	0.699
2000	4301651	0.622	0.445	0.795	0.679
2000	4301701	0.633	0.511	0.746	0.666
2000	4301750	0.482	0.253	0.730	0.606
2000	4301800	0.566	0.350	0.862	0.601
2000	4301859	0.559	0.392	0.773	0.577
2000	4301875	0.549	0.357	0.706	0.657
2000	4301909	0.619	0.440	0.803	0.671
2000	4301925	0.561	0.355	0.766	0.649
2000	4301958	0.666	0.590	0.794	0.631
2000	4302006	0.511	0.315	0.721	0.586
2000	4302055	0.450	0.229	0.743	0.535
2000	4302105	0.712	0.569	0.833	0.762
2000	4302154	0.605	0.437	0.769	0.659
2000	4302204	0.669	0.548	0.802	0.681
2000	4302220	0.585	0.386	0.832	0.622
2000	4302238	0.643	0.478	0.836	0.665
2000	4302253	0.655	0.448	0.843	0.743
2000	4302303	0.541	0.335	0.748	0.632
2000	4302352	0.670	0.535	0.806	0.696
2000	4302378	0.566	0.405	0.775	0.578
2000	4302402	0.639	0.502	0.770	0.675
2000	4302451	0.563	0.355	0.810	0.620
2000	4302501	0.586	0.438	0.777	0.592
2000	4302584	0.615	0.427	0.811	0.672
2000	4302600	0.553	0.411	0.747	0.551
2000	4302659	0.566	0.340	0.809	0.658
2000	4302709	0.579	0.402	0.753	0.641
2000	4302808	0.599	0.420	0.787	0.649
2000	4302907	0.580	0.433	0.737	0.610
2000	4303004	0.661	0.505	0.832	0.686
2000	4303103	0.672	0.529	0.820	0.701
2000	4303202	0.576	0.437	0.728	0.601
2000	4303301	0.614	0.475	0.771	0.633
2000	4303400	0.612	0.454	0.794	0.635
2000	4303509	0.609	0.423	0.793	0.673
2000	4303558	0.661	0.530	0.791	0.690
2000	4303608	0.564	0.360	0.788	0.633
2000	4303673	0.622	0.430	0.866	0.647
2000	4303707	0.607	0.484	0.781	0.591
2000	4303806	0.665	0.545	0.796	0.678
2000	4303905	0.669	0.504	0.818	0.725
2000	4304002	0.568	0.393	0.773	0.604
2000	4304101	0.560	0.364	0.751	0.641
2000	4304200	0.561	0.355	0.794	0.627
2000	4304309	0.647	0.518	0.843	0.621
2000	4304358	0.622	0.461	0.792	0.660
2000	4304408	0.638	0.472	0.788	0.697
2000	4304507	0.516	0.294	0.772	0.607
2000	4304606	0.665	0.500	0.818	0.719
2000	4304614	0.556	0.343	0.816	0.615
2000	4304622	0.531	0.323	0.724	0.640
2000	4304630	0.639	0.454	0.822	0.698
2000	4304655	0.561	0.354	0.835	0.597
2000	4304663	0.542	0.348	0.753	0.607
2000	4304671	0.658	0.474	0.807	0.745
2000	4304689	0.534	0.311	0.792	0.619
2000	4304697	0.614	0.433	0.791	0.676
2000	4304705	0.678	0.583	0.764	0.701
2000	4304713	0.508	0.292	0.776	0.578
2000	4304804	0.724	0.612	0.820	0.756
2000	4304853	0.596	0.404	0.793	0.662
2000	4304903	0.688	0.545	0.812	0.735
2000	4304952	0.590	0.452	0.750	0.605
2000	4305009	0.635	0.459	0.835	0.667
2000	4305108	0.705	0.556	0.817	0.771
2000	4305116	0.545	0.367	0.793	0.555
2000	4305124	0.574	0.413	0.764	0.598
2000	4305132	0.544	0.339	0.756	0.628
2000	4305157	0.557	0.430	0.706	0.569
2000	4305173	0.513	0.289	0.787	0.595
2000	4305207	0.664	0.542	0.818	0.661
2000	4305306	0.642	0.521	0.769	0.659
2000	4305355	0.649	0.503	0.808	0.673
2000	4305371	0.501	0.249	0.858	0.588
2000	4305405	0.606	0.458	0.801	0.607
2000	4305439	0.654	0.523	0.763	0.700
2000	4305447	0.481	0.218	0.776	0.657
2000	4305454	0.640	0.481	0.790	0.691
2000	4305504	0.595	0.414	0.769	0.662
2000	4305587	0.625	0.442	0.813	0.681
2000	4305603	0.665	0.484	0.818	0.743
2000	4305702	0.609	0.436	0.792	0.654
2000	4305801	0.630	0.461	0.830	0.653
2000	4305835	0.582	0.363	0.852	0.636
2000	4305850	0.601	0.463	0.768	0.611
2000	4305871	0.612	0.441	0.811	0.642
2000	4305900	0.579	0.400	0.777	0.624
2000	4305934	0.602	0.377	0.820	0.707
2000	4305959	0.645	0.466	0.820	0.702
2000	4305975	0.594	0.435	0.789	0.610
2000	4306007	0.589	0.433	0.773	0.610
2000	4306056	0.537	0.336	0.751	0.613
2000	4306072	0.516	0.362	0.775	0.489
2000	4306106	0.679	0.541	0.810	0.714
2000	4306130	0.582	0.397	0.792	0.626
2000	4306205	0.637	0.474	0.804	0.679
2000	4306304	0.629	0.473	0.787	0.670
2000	4306320	0.573	0.409	0.751	0.613
2000	4306353	0.529	0.356	0.774	0.536
2000	4306379	0.558	0.359	0.792	0.611
2000	4306403	0.676	0.522	0.830	0.712
2000	4306429	0.559	0.423	0.703	0.588
2000	4306452	0.694	0.552	0.821	0.736
2000	4306502	0.470	0.225	0.760	0.608
2000	4306551	0.572	0.409	0.757	0.603
2000	4306601	0.621	0.463	0.761	0.680
2000	4306700	0.605	0.445	0.753	0.661
2000	4306734	0.650	0.570	0.790	0.611
2000	4306759	0.575	0.376	0.770	0.657
2000	4306767	0.620	0.469	0.756	0.673
2000	4306809	0.700	0.561	0.852	0.719
2000	4306908	0.551	0.332	0.784	0.641
2000	4306924	0.533	0.340	0.748	0.595
2000	4306932	0.589	0.440	0.782	0.593
2000	4306957	0.595	0.415	0.766	0.663
2000	4306973	0.606	0.465	0.790	0.606
2000	4307005	0.696	0.570	0.820	0.720
2000	4307054	0.642	0.507	0.779	0.671
2000	4307104	0.548	0.348	0.763	0.620
2000	4307203	0.560	0.335	0.858	0.612
2000	4307302	0.538	0.360	0.757	0.571
2000	4307401	0.538	0.314	0.785	0.631
2000	4307450	0.498	0.312	0.751	0.526
2000	4307500	0.653	0.499	0.824	0.678
2000	4307559	0.662	0.558	0.784	0.663
2000	4307609	0.674	0.510	0.852	0.706
2000	4307708	0.693	0.560	0.821	0.725
2000	4307807	0.676	0.531	0.824	0.707
2000	4307815	0.535	0.306	0.786	0.638
2000	4307831	0.621	0.446	0.854	0.629
2000	4307864	0.633	0.438	0.842	0.687
2000	4307906	0.691	0.543	0.820	0.740
2000	4308003	0.643	0.508	0.788	0.665
2000	4308052	0.574	0.394	0.762	0.629
2000	4308078	0.548	0.340	0.757	0.641
2000	4308102	0.659	0.504	0.810	0.702
2000	4308201	0.674	0.477	0.842	0.762
2000	4308250	0.532	0.328	0.792	0.579
2000	4308300	0.504	0.283	0.775	0.584
2000	4308409	0.579	0.406	0.794	0.602
2000	4308433	0.553	0.326	0.852	0.609
2000	4308458	0.658	0.471	0.803	0.754
2000	4308508	0.683	0.569	0.813	0.689
2000	4308607	0.712	0.579	0.820	0.760
2000	4308656	0.549	0.384	0.775	0.555
2000	4308706	0.662	0.511	0.841	0.675
2000	4308805	0.619	0.454	0.796	0.655
2000	4308854	0.628	0.480	0.791	0.652
2000	4308904	0.665	0.547	0.800	0.671
2000	4309001	0.626	0.498	0.758	0.651
2000	4309050	0.587	0.370	0.820	0.666
2000	4309100	0.698	0.548	0.842	0.737
2000	4309126	0.573	0.442	0.737	0.579
2000	4309159	0.460	0.224	0.715	0.608
2000	4309209	0.661	0.500	0.839	0.688
2000	4309258	0.674	0.547	0.825	0.679
2000	4309308	0.654	0.515	0.792	0.687
2000	4309407	0.670	0.516	0.807	0.721
2000	4309506	0.592	0.446	0.771	0.603
2000	4309555	0.663	0.498	0.831	0.704
2000	4309571	0.441	0.191	0.757	0.593
2000	4309605	0.725	0.645	0.850	0.695
2000	4309654	0.569	0.394	0.698	0.670
2000	4309704	0.640	0.509	0.802	0.642
2000	4309753	0.528	0.335	0.743	0.592
2000	4309803	0.677	0.480	0.860	0.752
2000	4309902	0.645	0.474	0.808	0.701
2000	4309951	0.527	0.331	0.765	0.579
2000	4310009	0.674	0.523	0.799	0.733
2000	4310108	0.603	0.403	0.781	0.698
2000	4310207	0.683	0.548	0.819	0.709
2000	4310306	0.613	0.407	0.841	0.673
2000	4310330	0.677	0.550	0.788	0.715
2000	4310363	0.690	0.565	0.818	0.712
2000	4310405	0.601	0.425	0.793	0.644
2000	4310413	0.554	0.365	0.777	0.598
2000	4310439	0.615	0.454	0.782	0.654
2000	4310462	0.673	0.514	0.862	0.687
2000	4310504	0.595	0.403	0.790	0.662
2000	4310538	0.607	0.397	0.835	0.675
2000	4310553	0.539	0.340	0.777	0.592
2000	4310579	0.495	0.259	0.755	0.622
2000	4310603	0.630	0.483	0.808	0.641
2000	4310652	0.554	0.354	0.757	0.633
2000	4310702	0.533	0.328	0.775	0.595
2000	4310751	0.637	0.549	0.794	0.593
2000	4310801	0.697	0.552	0.840	0.730
2000	4310850	0.510	0.313	0.735	0.576
2000	4310876	0.466	0.223	0.751	0.606
2000	4310900	0.620	0.474	0.781	0.645
2000	4311007	0.620	0.458	0.778	0.670
2000	4311106	0.601	0.420	0.781	0.661
2000	4311122	0.470	0.257	0.693	0.584
2000	4311130	0.516	0.309	0.783	0.567
2000	4311155	0.587	0.422	0.784	0.610
2000	4311205	0.626	0.466	0.793	0.665
2000	4311239	0.533	0.333	0.757	0.599
2000	4311254	0.476	0.274	0.748	0.525
2000	4311270	0.664	0.508	0.841	0.686
2000	4311304	0.650	0.506	0.811	0.669
2000	4311403	0.715	0.592	0.832	0.741
2000	4311429	0.504	0.304	0.775	0.544
2000	4311502	0.629	0.492	0.769	0.657
2000	4311601	0.521	0.334	0.737	0.574
2000	4311627	0.540	0.325	0.757	0.639
2000	4311643	0.611	0.459	0.775	0.641
2000	4311700	0.571	0.396	0.790	0.594
2000	4311718	0.562	0.371	0.747	0.639
2000	4311734	0.518	0.312	0.764	0.583
2000	4311759	0.543	0.379	0.706	0.599
2000	4311775	0.579	0.373	0.804	0.647
2000	4311791	0.591	0.390	0.793	0.669
2000	4311809	0.678	0.541	0.805	0.715
2000	4311908	0.631	0.478	0.799	0.657
2000	4311981	0.604	0.429	0.794	0.646
2000	4312005	0.656	0.497	0.806	0.706
2000	4312054	0.627	0.431	0.841	0.680
2000	4312104	0.551	0.371	0.751	0.600
2000	4312138	0.665	0.579	0.776	0.655
2000	4312153	0.623	0.493	0.770	0.638
2000	4312179	0.617	0.457	0.853	0.604
2000	4312203	0.562	0.405	0.729	0.602
2000	4312252	0.547	0.352	0.766	0.606
2000	4312302	0.584	0.447	0.795	0.561
2000	4312351	0.608	0.383	0.841	0.699
2000	4312377	0.462	0.237	0.777	0.536
2000	4312385	0.629	0.432	0.840	0.685
2000	4312401	0.668	0.491	0.839	0.724
2000	4312427	0.584	0.408	0.769	0.635
2000	4312443	0.593	0.475	0.747	0.588
2000	4312450	0.572	0.355	0.790	0.666
2000	4312476	0.656	0.491	0.806	0.712
2000	4312500	0.571	0.372	0.793	0.630
2000	4312609	0.641	0.462	0.816	0.697
2000	4312617	0.534	0.306	0.786	0.633
2000	4312625	0.598	0.471	0.750	0.604
2000	4312658	0.692	0.566	0.817	0.716
2000	4312674	0.676	0.573	0.830	0.650
2000	4312708	0.584	0.409	0.775	0.628
2000	4312757	0.566	0.361	0.748	0.673
2000	4312807	0.732	0.605	0.832	0.779
2000	4312906	0.674	0.508	0.810	0.745
2000	4312955	0.640	0.526	0.803	0.621
2000	4313003	0.695	0.523	0.832	0.770
2000	4313011	0.603	0.408	0.841	0.639
2000	4313037	0.593	0.414	0.805	0.625
2000	4313060	0.578	0.374	0.792	0.651
2000	4313086	0.688	0.498	0.842	0.778
2000	4313102	0.659	0.503	0.832	0.683
2000	4313201	0.697	0.536	0.852	0.740
2000	4313300	0.689	0.550	0.814	0.732
2000	4313334	0.576	0.381	0.782	0.641
2000	4313359	0.677	0.533	0.827	0.703
2000	4313375	0.609	0.435	0.763	0.681
2000	4313391	0.538	0.347	0.777	0.579
2000	4313409	0.671	0.499	0.823	0.734
2000	4313425	0.560	0.379	0.777	0.597
2000	4313441	0.538	0.389	0.757	0.529
2000	4313466	0.585	0.408	0.803	0.611
2000	4313490	0.552	0.397	0.763	0.555
2000	4313508	0.671	0.513	0.831	0.709
2000	4313607	0.606	0.423	0.771	0.684
2000	4313656	0.609	0.437	0.793	0.651
2000	4313706	0.635	0.478	0.789	0.678
2000	4313805	0.615	0.474	0.772	0.635
2000	4313904	0.688	0.559	0.831	0.700
2000	4313953	0.589	0.436	0.736	0.638
2000	4314001	0.678	0.521	0.820	0.731
2000	4314027	0.557	0.363	0.767	0.621
2000	4314035	0.660	0.499	0.841	0.686
2000	4314050	0.600	0.400	0.819	0.658
2000	4314068	0.503	0.310	0.776	0.529
2000	4314076	0.601	0.397	0.782	0.698
2000	4314100	0.701	0.580	0.803	0.741
2000	4314134	0.608	0.451	0.811	0.616
2000	4314159	0.540	0.313	0.793	0.633
2000	4314175	0.482	0.256	0.765	0.573
2000	4314209	0.595	0.419	0.746	0.673
2000	4314308	0.650	0.522	0.773	0.681
2000	4314407	0.660	0.506	0.796	0.715
2000	4314423	0.653	0.515	0.773	0.701
2000	4314456	0.628	0.446	0.792	0.701
2000	4314464	0.512	0.296	0.785	0.579
2000	4314472	0.566	0.383	0.737	0.642
2000	4314498	0.530	0.345	0.748	0.577
2000	4314506	0.584	0.394	0.790	0.640
2000	4314555	0.531	0.378	0.738	0.536
2000	4314605	0.550	0.350	0.765	0.621
2000	4314704	0.587	0.444	0.737	0.617
2000	4314753	0.645	0.515	0.793	0.656
2000	4314779	0.585	0.401	0.791	0.631
2000	4314787	0.560	0.380	0.794	0.582
2000	4314803	0.618	0.427	0.789	0.701
2000	4314902	0.744	0.612	0.811	0.830
2000	4315008	0.578	0.416	0.786	0.591
2000	4315057	0.593	0.459	0.777	0.584
2000	4315073	0.544	0.385	0.777	0.538
2000	4315107	0.616	0.455	0.801	0.641
2000	4315131	0.625	0.415	0.840	0.699
2000	4315149	0.621	0.409	0.852	0.686
2000	4315156	0.535	0.312	0.770	0.638
2000	4315172	0.636	0.433	0.831	0.715
2000	4315206	0.577	0.383	0.777	0.646
2000	4315305	0.630	0.486	0.793	0.649
2000	4315313	0.504	0.307	0.775	0.539
2000	4315321	0.491	0.270	0.743	0.591
2000	4315354	0.657	0.526	0.810	0.666
2000	4315404	0.464	0.285	0.693	0.506
2000	4315453	0.588	0.395	0.770	0.668
2000	4315503	0.586	0.415	0.753	0.643
2000	4315552	0.512	0.309	0.776	0.559
2000	4315602	0.652	0.491	0.804	0.702
2000	4315701	0.609	0.435	0.792	0.656
2000	4315750	0.568	0.341	0.853	0.630
2000	4315800	0.627	0.458	0.784	0.686
2000	4315909	0.642	0.501	0.793	0.667
2000	4315958	0.583	0.423	0.788	0.593
2000	4316006	0.595	0.418	0.769	0.655
2000	4316105	0.619	0.455	0.787	0.663
2000	4316204	0.650	0.506	0.796	0.682
2000	4316303	0.567	0.399	0.769	0.594
2000	4316402	0.616	0.459	0.793	0.641
2000	4316428	0.541	0.378	0.765	0.549
2000	4316436	0.689	0.549	0.831	0.718
2000	4316451	0.589	0.404	0.775	0.652
2000	4316477	0.655	0.567	0.792	0.627
2000	4316501	0.665	0.503	0.837	0.699
2000	4316600	0.660	0.512	0.793	0.707
2000	4316709	0.653	0.523	0.794	0.670
2000	4316733	0.529	0.279	0.828	0.641
2000	4316758	0.612	0.434	0.810	0.652
2000	4316808	0.682	0.529	0.820	0.732
2000	4316907	0.715	0.591	0.828	0.748
2000	4316956	0.598	0.419	0.771	0.663
2000	4316972	0.526	0.306	0.846	0.561
2000	4317004	0.553	0.376	0.765	0.587
2000	4317103	0.663	0.529	0.792	0.696
2000	4317202	0.685	0.551	0.839	0.696
2000	4317251	0.611	0.392	0.843	0.690
2000	4317301	0.626	0.474	0.766	0.677
2000	4317400	0.696	0.583	0.835	0.693
2000	4317509	0.685	0.558	0.814	0.707
2000	4317558	0.667	0.503	0.844	0.699
2000	4317608	0.620	0.474	0.784	0.642
2000	4317707	0.582	0.436	0.748	0.606
2000	4317756	0.693	0.605	0.858	0.642
2000	4317806	0.627	0.480	0.801	0.641
2000	4317905	0.642	0.535	0.768	0.643
2000	4317954	0.627	0.518	0.790	0.602
2000	4318002	0.637	0.490	0.794	0.663
2000	4318051	0.690	0.570	0.830	0.695
2000	4318101	0.558	0.367	0.776	0.609
2000	4318200	0.592	0.405	0.778	0.657
2000	4318309	0.624	0.462	0.788	0.668
2000	4318408	0.609	0.430	0.753	0.696
2000	4318424	0.572	0.395	0.771	0.616
2000	4318432	0.686	0.593	0.767	0.709
2000	4318440	0.629	0.494	0.766	0.657
2000	4318457	0.540	0.356	0.756	0.586
2000	4318465	0.555	0.356	0.777	0.618
2000	4318481	0.624	0.470	0.793	0.651
2000	4318499	0.602	0.451	0.793	0.609
2000	4318507	0.481	0.266	0.723	0.579
2000	4318606	0.653	0.546	0.771	0.662
2000	4318614	0.576	0.356	0.795	0.675
2000	4318622	0.512	0.280	0.777	0.616
2000	4318705	0.656	0.482	0.806	0.725
2000	4318804	0.589	0.396	0.790	0.653
2000	4318903	0.634	0.501	0.764	0.667
2000	4319000	0.695	0.551	0.835	0.731
2000	4319109	0.638	0.515	0.759	0.663
2000	4319125	0.541	0.305	0.803	0.646
2000	4319158	0.570	0.360	0.772	0.667
2000	4319208	0.517	0.343	0.733	0.549
2000	4319307	0.567	0.413	0.776	0.568
2000	4319356	0.639	0.477	0.793	0.691
2000	4319364	0.471	0.290	0.765	0.471
2000	4319372	0.666	0.580	0.793	0.642
2000	4319406	0.614	0.480	0.737	0.655
2000	4319505	0.662	0.483	0.837	0.718
2000	4319604	0.614	0.451	0.795	0.645
2000	4319703	0.544	0.342	0.775	0.608
2000	4319711	0.671	0.505	0.840	0.711
2000	4319737	0.532	0.349	0.777	0.554
2000	4319752	0.655	0.488	0.840	0.687
2000	4319802	0.589	0.384	0.792	0.673
2000	4319901	0.597	0.395	0.778	0.691
2000	4320008	0.633	0.474	0.791	0.677
2000	4320107	0.677	0.549	0.821	0.687
2000	4320206	0.597	0.433	0.794	0.619
2000	4320230	0.571	0.384	0.793	0.611
2000	4320263	0.530	0.357	0.729	0.573
2000	4320305	0.741	0.611	0.832	0.800
2000	4320321	0.590	0.458	0.768	0.583
2000	4320354	0.560	0.377	0.776	0.601
2000	4320404	0.678	0.531	0.805	0.728
2000	4320453	0.522	0.310	0.781	0.589
2000	4320503	0.684	0.571	0.830	0.676
2000	4320552	0.577	0.379	0.760	0.668
2000	4320578	0.532	0.350	0.779	0.552
2000	4320602	0.633	0.475	0.811	0.657
2000	4320651	0.652	0.487	0.842	0.675
2000	4320677	0.513	0.289	0.748	0.624
2000	4320701	0.650	0.532	0.770	0.670
2000	4320800	0.633	0.489	0.769	0.674
2000	4320859	0.602	0.457	0.746	0.641
2000	4320909	0.660	0.526	0.800	0.683
2000	4321006	0.660	0.527	0.781	0.698
2000	4321105	0.619	0.447	0.781	0.681
2000	4321204	0.651	0.463	0.833	0.714
2000	4321303	0.641	0.491	0.799	0.672
2000	4321329	0.588	0.421	0.794	0.607
2000	4321352	0.543	0.315	0.784	0.648
2000	4321402	0.607	0.491	0.749	0.609
2000	4321436	0.611	0.444	0.776	0.662
2000	4321451	0.664	0.512	0.821	0.697
2000	4321469	0.595	0.422	0.781	0.640
2000	4321477	0.551	0.370	0.783	0.577
2000	4321493	0.520	0.323	0.751	0.579
2000	4321501	0.681	0.532	0.846	0.702
2000	4321600	0.633	0.450	0.797	0.708
2000	4321626	0.569	0.385	0.747	0.639
2000	4321634	0.637	0.473	0.843	0.649
2000	4321667	0.638	0.489	0.793	0.670
2000	4321709	0.610	0.435	0.750	0.695
2000	4321808	0.655	0.528	0.801	0.665
2000	4321832	0.541	0.350	0.757	0.599
2000	4321857	0.594	0.405	0.793	0.653
2000	4321907	0.686	0.569	0.846	0.671
2000	4321956	0.561	0.405	0.769	0.568
2000	4322004	0.628	0.465	0.778	0.685
2000	4322103	0.661	0.549	0.793	0.662
2000	4322152	0.484	0.288	0.748	0.526
2000	4322186	0.570	0.387	0.775	0.619
2000	4322202	0.612	0.453	0.777	0.651
2000	4322251	0.654	0.506	0.806	0.686
2000	4322301	0.642	0.506	0.794	0.660
2000	4322327	0.528	0.333	0.729	0.606
2000	4322343	0.554	0.390	0.788	0.553
2000	4322350	0.664	0.495	0.841	0.703
2000	4322376	0.552	0.389	0.777	0.556
2000	4322400	0.663	0.523	0.811	0.688
2000	4322509	0.641	0.478	0.786	0.701
2000	4322525	0.549	0.342	0.760	0.638
2000	4322533	0.496	0.261	0.759	0.615
2000	4322541	0.604	0.424	0.767	0.676
2000	4322558	0.673	0.606	0.766	0.658
2000	4322608	0.610	0.438	0.773	0.669
2000	4322707	0.582	0.403	0.754	0.649
2000	4322806	0.702	0.554	0.831	0.753
2000	4322855	0.639	0.467	0.824	0.678
2000	4322905	0.567	0.355	0.780	0.658
2000	4323002	0.620	0.423	0.844	0.667
2000	4323101	0.489	0.281	0.757	0.550
2000	4323200	0.664	0.552	0.755	0.701
2000	4323309	0.621	0.452	0.792	0.670
2000	4323358	0.616	0.464	0.780	0.646
2000	4323408	0.662	0.495	0.830	0.705
2000	4323457	0.565	0.389	0.751	0.618
2000	4323507	0.632	0.514	0.803	0.613
2000	4323606	0.689	0.564	0.842	0.690
2000	4323705	0.619	0.499	0.766	0.622
2000	4323754	0.556	0.410	0.774	0.542
2000	4323770	0.680	0.504	0.824	0.758
2000	4323804	0.642	0.477	0.819	0.678
2010	4300034	0.687	0.541	0.852	0.703
2010	4300059	0.750	0.590	0.850	0.840
2010	4300109	0.694	0.524	0.847	0.752
2010	4300208	0.753	0.658	0.850	0.763
2010	4300307	0.672	0.522	0.852	0.683
2010	4300406	0.740	0.664	0.849	0.720
2010	4300455	0.695	0.572	0.818	0.717
2010	4300471	0.740	0.669	0.828	0.732
2010	4300505	0.671	0.543	0.795	0.700
2010	4300554	0.747	0.642	0.859	0.756
2010	4300570	0.734	0.603	0.886	0.740
2010	4300604	0.699	0.564	0.874	0.694
2010	4300638	0.624	0.457	0.802	0.664
2010	4300646	0.682	0.562	0.809	0.697
2010	4300661	0.720	0.605	0.837	0.738
2010	4300703	0.740	0.630	0.868	0.742
2010	4300802	0.758	0.671	0.835	0.777
2010	4300851	0.691	0.570	0.833	0.694
2010	4300877	0.679	0.547	0.824	0.696
2010	4300901	0.772	0.670	0.856	0.801
2010	4301008	0.769	0.706	0.860	0.750
2010	4301057	0.740	0.649	0.844	0.740
2010	4301073	0.669	0.461	0.860	0.756
2010	4301107	0.698	0.583	0.833	0.700
2010	4301206	0.707	0.589	0.848	0.708
2010	4301305	0.657	0.522	0.807	0.673
2010	4301404	0.694	0.575	0.817	0.713
2010	4301503	0.743	0.621	0.847	0.779
2010	4301552	0.707	0.588	0.841	0.715
2010	4301602	0.740	0.647	0.848	0.739
2010	4301636	0.696	0.567	0.836	0.710
2010	4301651	0.748	0.652	0.836	0.767
2010	4301701	0.719	0.593	0.842	0.745
2010	4301750	0.610	0.428	0.821	0.645
2010	4301800	0.710	0.568	0.885	0.711
2010	4301859	0.734	0.672	0.845	0.696
2010	4301875	0.662	0.548	0.802	0.659
2010	4301909	0.670	0.529	0.822	0.691
2010	4301925	0.723	0.638	0.842	0.703
2010	4301958	0.763	0.710	0.856	0.731
2010	4302006	0.650	0.500	0.795	0.690
2010	4302055	0.619	0.492	0.801	0.601
2010	4302105	0.778	0.695	0.842	0.805
2010	4302154	0.676	0.561	0.825	0.666
2010	4302204	0.762	0.697	0.834	0.761
2010	4302220	0.703	0.590	0.851	0.692
2010	4302238	0.731	0.641	0.867	0.703
2010	4302253	0.728	0.587	0.852	0.770
2010	4302303	0.666	0.510	0.832	0.697
2010	4302352	0.746	0.661	0.836	0.751
2010	4302378	0.723	0.643	0.840	0.700
2010	4302402	0.739	0.649	0.857	0.725
2010	4302451	0.700	0.562	0.843	0.725
2010	4302501	0.692	0.608	0.821	0.665
2010	4302584	0.745	0.628	0.853	0.773
2010	4302600	0.674	0.563	0.830	0.656
2010	4302659	0.699	0.554	0.851	0.723
2010	4302709	0.689	0.558	0.848	0.691
2010	4302808	0.704	0.585	0.855	0.699
2010	4302907	0.700	0.626	0.807	0.680
2010	4303004	0.742	0.648	0.854	0.739
2010	4303103	0.757	0.675	0.857	0.749
2010	4303202	0.662	0.528	0.810	0.677
2010	4303301	0.719	0.611	0.857	0.709
2010	4303400	0.699	0.580	0.817	0.721
2010	4303509	0.697	0.578	0.819	0.715
2010	4303558	0.736	0.612	0.854	0.762
2010	4303608	0.697	0.574	0.838	0.705
2010	4303673	0.706	0.557	0.886	0.713
2010	4303707	0.738	0.677	0.849	0.698
2010	4303806	0.760	0.691	0.842	0.753
2010	4303905	0.745	0.643	0.852	0.755
2010	4304002	0.703	0.593	0.866	0.677
2010	4304101	0.708	0.616	0.819	0.704
2010	4304200	0.674	0.521	0.842	0.699
2010	4304309	0.728	0.627	0.853	0.720
2010	4304358	0.698	0.562	0.860	0.704
2010	4304408	0.748	0.667	0.849	0.738
2010	4304507	0.650	0.491	0.819	0.683
2010	4304606	0.750	0.636	0.864	0.768
2010	4304614	0.713	0.574	0.840	0.751
2010	4304622	0.637	0.507	0.779	0.654
2010	4304630	0.743	0.637	0.852	0.756
2010	4304655	0.672	0.552	0.860	0.639
2010	4304663	0.637	0.480	0.814	0.662
2010	4304671	0.766	0.668	0.836	0.805
2010	4304689	0.661	0.525	0.816	0.675
2010	4304697	0.746	0.661	0.842	0.747
2010	4304705	0.766	0.707	0.840	0.756
2010	4304713	0.652	0.505	0.830	0.661
2010	4304804	0.796	0.724	0.835	0.835
2010	4304853	0.739	0.622	0.886	0.732
2010	4304903	0.785	0.733	0.847	0.778
2010	4304952	0.703	0.600	0.833	0.696
2010	4305009	0.739	0.627	0.842	0.763
2010	4305108	0.782	0.686	0.860	0.812
2010	4305116	0.701	0.569	0.856	0.707
2010	4305124	0.649	0.504	0.824	0.657
2010	4305132	0.661	0.527	0.816	0.671
2010	4305157	0.674	0.563	0.803	0.676
2010	4305173	0.660	0.499	0.855	0.673
2010	4305207	0.764	0.698	0.849	0.752
2010	4305306	0.757	0.679	0.849	0.752
2010	4305355	0.747	0.659	0.870	0.726
2010	4305371	0.620	0.385	0.885	0.699
2010	4305405	0.732	0.657	0.850	0.702
2010	4305439	0.706	0.658	0.792	0.676
2010	4305447	0.616	0.437	0.818	0.655
2010	4305454	0.729	0.625	0.848	0.730
2010	4305504	0.719	0.600	0.855	0.724
2010	4305587	0.765	0.678	0.840	0.786
2010	4305603	0.758	0.674	0.835	0.775
2010	4305702	0.747	0.666	0.852	0.735
2010	4305801	0.754	0.668	0.885	0.726
2010	4305835	0.692	0.532	0.886	0.703
2010	4305850	0.746	0.614	0.840	0.806
2010	4305871	0.744	0.610	0.852	0.793
2010	4305900	0.665	0.550	0.803	0.667
2010	4305934	0.727	0.600	0.835	0.766
2010	4305959	0.741	0.636	0.835	0.767
2010	4305975	0.706	0.586	0.866	0.693
2010	4306007	0.712	0.616	0.835	0.702
2010	4306056	0.644	0.471	0.826	0.687
2010	4306072	0.660	0.542	0.826	0.641
2010	4306106	0.750	0.653	0.858	0.754
2010	4306130	0.719	0.605	0.849	0.724
2010	4306205	0.723	0.607	0.833	0.746
2010	4306304	0.762	0.688	0.870	0.740
2010	4306320	0.707	0.628	0.846	0.664
2010	4306353	0.654	0.553	0.809	0.625
2010	4306379	0.648	0.463	0.864	0.681
2010	4306403	0.743	0.633	0.848	0.763
2010	4306429	0.670	0.585	0.797	0.646
2010	4306452	0.757	0.670	0.837	0.775
2010	4306502	0.587	0.390	0.818	0.633
2010	4306551	0.691	0.577	0.820	0.697
2010	4306601	0.708	0.585	0.848	0.715
2010	4306700	0.697	0.568	0.831	0.718
2010	4306734	0.706	0.593	0.840	0.707
2010	4306759	0.724	0.593	0.855	0.749
2010	4306767	0.717	0.609	0.844	0.717
2010	4306809	0.767	0.687	0.858	0.764
2010	4306908	0.657	0.478	0.875	0.677
2010	4306924	0.717	0.611	0.821	0.735
2010	4306932	0.680	0.548	0.829	0.692
2010	4306957	0.703	0.572	0.857	0.709
2010	4306973	0.712	0.626	0.837	0.689
2010	4307005	0.776	0.716	0.833	0.782
2010	4307054	0.716	0.612	0.854	0.703
2010	4307104	0.687	0.527	0.843	0.730
2010	4307203	0.681	0.501	0.885	0.713
2010	4307302	0.685	0.589	0.821	0.666
2010	4307401	0.680	0.569	0.827	0.669
2010	4307450	0.661	0.550	0.788	0.665
2010	4307500	0.765	0.677	0.884	0.747
2010	4307559	0.753	0.674	0.843	0.752
2010	4307609	0.757	0.652	0.887	0.749
2010	4307708	0.754	0.662	0.843	0.769
2010	4307807	0.767	0.684	0.850	0.776
2010	4307815	0.679	0.560	0.792	0.707
2010	4307831	0.712	0.584	0.885	0.697
2010	4307864	0.763	0.674	0.852	0.773
2010	4307906	0.777	0.696	0.861	0.783
2010	4308003	0.720	0.597	0.854	0.732
2010	4308052	0.666	0.571	0.801	0.646
2010	4308078	0.698	0.557	0.841	0.726
2010	4308102	0.750	0.658	0.847	0.758
2010	4308201	0.754	0.642	0.849	0.786
2010	4308250	0.663	0.486	0.854	0.701
2010	4308300	0.661	0.532	0.812	0.668
2010	4308409	0.682	0.549	0.838	0.690
2010	4308433	0.683	0.484	0.886	0.743
2010	4308458	0.756	0.663	0.837	0.779
2010	4308508	0.760	0.688	0.846	0.754
2010	4308607	0.786	0.688	0.856	0.825
2010	4308656	0.671	0.553	0.833	0.657
2010	4308706	0.738	0.643	0.852	0.733
2010	4308805	0.686	0.552	0.832	0.704
2010	4308854	0.733	0.643	0.863	0.710
2010	4308904	0.746	0.658	0.843	0.747
2010	4309001	0.721	0.629	0.842	0.707
2010	4309050	0.714	0.593	0.859	0.716
2010	4309100	0.764	0.662	0.861	0.783
2010	4309126	0.685	0.584	0.832	0.662
2010	4309159	0.634	0.473	0.792	0.681
2010	4309209	0.736	0.636	0.862	0.727
2010	4309258	0.758	0.612	0.857	0.831
2010	4309308	0.730	0.639	0.833	0.732
2010	4309407	0.765	0.685	0.837	0.781
2010	4309506	0.737	0.665	0.863	0.698
2010	4309555	0.749	0.668	0.841	0.748
2010	4309571	0.616	0.441	0.792	0.670
2010	4309605	0.783	0.716	0.858	0.782
2010	4309654	0.643	0.512	0.796	0.653
2010	4309704	0.738	0.657	0.837	0.732
2010	4309753	0.652	0.511	0.792	0.686
2010	4309803	0.739	0.593	0.888	0.766
2010	4309902	0.724	0.615	0.835	0.739
2010	4309951	0.638	0.463	0.828	0.678
2010	4310009	0.765	0.671	0.848	0.786
2010	4310108	0.721	0.571	0.876	0.749
2010	4310207	0.781	0.707	0.858	0.786
2010	4310306	0.730	0.595	0.866	0.756
2010	4310330	0.764	0.638	0.847	0.825
2010	4310363	0.743	0.635	0.844	0.764
2010	4310405	0.693	0.576	0.813	0.711
2010	4310413	0.673	0.585	0.807	0.647
2010	4310439	0.728	0.618	0.831	0.751
2010	4310462	0.791	0.698	0.866	0.818
2010	4310504	0.691	0.590	0.819	0.684
2010	4310538	0.760	0.687	0.841	0.761
2010	4310553	0.657	0.509	0.804	0.692
2010	4310579	0.664	0.495	0.834	0.709
2010	4310603	0.713	0.626	0.843	0.687
2010	4310652	0.669	0.524	0.827	0.692
2010	4310702	0.681	0.567	0.801	0.696
2010	4310751	0.724	0.602	0.886	0.712
2010	4310801	0.784	0.729	0.848	0.780
2010	4310850	0.658	0.547	0.820	0.636
2010	4310876	0.662	0.487	0.817	0.730
2010	4310900	0.726	0.636	0.855	0.703
2010	4311007	0.707	0.608	0.832	0.698
2010	4311106	0.712	0.567	0.866	0.734
2010	4311122	0.614	0.475	0.779	0.626
2010	4311130	0.631	0.473	0.836	0.636
2010	4311155	0.686	0.572	0.841	0.671
2010	4311205	0.716	0.602	0.833	0.733
2010	4311239	0.670	0.539	0.801	0.696
2010	4311254	0.643	0.505	0.822	0.641
2010	4311270	0.789	0.754	0.852	0.765
2010	4311304	0.738	0.620	0.885	0.734
2010	4311403	0.778	0.704	0.840	0.796
2010	4311429	0.613	0.465	0.822	0.604
2010	4311502	0.699	0.577	0.868	0.683
2010	4311601	0.685	0.583	0.810	0.680
2010	4311627	0.712	0.601	0.842	0.712
2010	4311643	0.749	0.662	0.846	0.751
2010	4311700	0.692	0.577	0.807	0.711
2010	4311718	0.684	0.580	0.832	0.664
2010	4311734	0.649	0.517	0.813	0.650
2010	4311759	0.655	0.534	0.766	0.686
2010	4311775	0.682	0.519	0.880	0.695
2010	4311791	0.697	0.540	0.862	0.729
2010	4311809	0.774	0.699	0.857	0.773
2010	4311908	0.724	0.618	0.834	0.735
2010	4311981	0.701	0.568	0.866	0.701
2010	4312005	0.730	0.604	0.843	0.763
2010	4312054	0.687	0.515	0.849	0.743
2010	4312104	0.656	0.529	0.807	0.660
2010	4312138	0.727	0.608	0.839	0.752
2010	4312153	0.746	0.676	0.853	0.721
2010	4312179	0.717	0.603	0.870	0.702
2010	4312203	0.699	0.591	0.825	0.699
2010	4312252	0.681	0.514	0.826	0.743
2010	4312302	0.725	0.613	0.837	0.744
2010	4312351	0.764	0.662	0.852	0.790
2010	4312377	0.650	0.501	0.822	0.667
2010	4312385	0.752	0.663	0.852	0.752
2010	4312401	0.755	0.654	0.866	0.761
2010	4312427	0.714	0.576	0.860	0.735
2010	4312443	0.711	0.593	0.842	0.720
2010	4312450	0.702	0.557	0.864	0.719
2010	4312476	0.743	0.653	0.858	0.733
2010	4312500	0.664	0.493	0.849	0.701
2010	4312609	0.746	0.654	0.840	0.757
2010	4312617	0.702	0.558	0.873	0.711
2010	4312625	0.689	0.547	0.808	0.740
2010	4312658	0.765	0.673	0.847	0.784
2010	4312674	0.753	0.660	0.839	0.772
2010	4312708	0.702	0.591	0.833	0.703
2010	4312757	0.740	0.634	0.838	0.763
2010	4312807	0.785	0.722	0.843	0.796
2010	4312906	0.747	0.632	0.849	0.778
2010	4312955	0.768	0.708	0.836	0.764
2010	4313003	0.778	0.666	0.847	0.836
2010	4313011	0.759	0.643	0.856	0.794
2010	4313037	0.735	0.647	0.848	0.723
2010	4313060	0.689	0.563	0.836	0.694
2010	4313086	0.761	0.678	0.852	0.762
2010	4313102	0.744	0.643	0.841	0.762
2010	4313201	0.780	0.688	0.890	0.775
2010	4313300	0.766	0.686	0.839	0.782
2010	4313334	0.742	0.642	0.847	0.752
2010	4313359	0.741	0.602	0.851	0.794
2010	4313375	0.718	0.606	0.853	0.716
2010	4313391	0.688	0.548	0.852	0.697
2010	4313409	0.747	0.629	0.852	0.778
2010	4313425	0.663	0.543	0.796	0.674
2010	4313441	0.676	0.566	0.805	0.679
2010	4313466	0.767	0.708	0.850	0.749
2010	4313490	0.706	0.594	0.808	0.734
2010	4313607	0.706	0.558	0.870	0.725
2010	4313656	0.715	0.592	0.852	0.725
2010	4313706	0.737	0.667	0.831	0.722
2010	4313805	0.720	0.632	0.836	0.707
2010	4313904	0.761	0.691	0.848	0.752
2010	4313953	0.661	0.524	0.816	0.676
2010	4314001	0.773	0.679	0.866	0.787
2010	4314027	0.676	0.537	0.831	0.692
2010	4314035	0.749	0.668	0.852	0.738
2010	4314050	0.704	0.562	0.886	0.700
2010	4314068	0.622	0.482	0.782	0.639
2010	4314076	0.698	0.551	0.851	0.726
2010	4314100	0.776	0.699	0.849	0.787
2010	4314134	0.710	0.571	0.858	0.730
2010	4314159	0.683	0.541	0.840	0.701
2010	4314175	0.640	0.493	0.820	0.647
2010	4314209	0.678	0.551	0.829	0.683
2010	4314308	0.741	0.648	0.867	0.724
2010	4314407	0.739	0.632	0.844	0.758
2010	4314423	0.758	0.701	0.842	0.738
2010	4314456	0.720	0.624	0.852	0.701
2010	4314464	0.650	0.513	0.835	0.641
2010	4314472	0.678	0.577	0.804	0.672
2010	4314498	0.710	0.607	0.828	0.713
2010	4314506	0.661	0.499	0.846	0.685
2010	4314555	0.669	0.553	0.824	0.656
2010	4314605	0.658	0.517	0.821	0.672
2010	4314704	0.687	0.597	0.807	0.674
2010	4314753	0.744	0.634	0.877	0.742
2010	4314779	0.725	0.623	0.864	0.708
2010	4314787	0.725	0.600	0.874	0.727
2010	4314803	0.713	0.584	0.856	0.725
2010	4314902	0.805	0.702	0.857	0.867
2010	4315008	0.693	0.575	0.827	0.700
2010	4315057	0.698	0.608	0.831	0.672
2010	4315073	0.690	0.600	0.827	0.661
2010	4315107	0.723	0.628	0.876	0.687
2010	4315131	0.715	0.566	0.845	0.765
2010	4315149	0.757	0.674	0.885	0.727
2010	4315156	0.683	0.525	0.861	0.705
2010	4315172	0.733	0.609	0.839	0.771
2010	4315206	0.715	0.563	0.873	0.745
2010	4315305	0.704	0.609	0.852	0.673
2010	4315313	0.689	0.565	0.833	0.695
2010	4315321	0.665	0.534	0.824	0.667
2010	4315354	0.756	0.655	0.841	0.783
2010	4315404	0.631	0.523	0.792	0.606
2010	4315453	0.731	0.588	0.868	0.765
2010	4315503	0.683	0.542	0.828	0.709
2010	4315552	0.656	0.545	0.804	0.645
2010	4315602	0.744	0.637	0.861	0.752
2010	4315701	0.693	0.560	0.846	0.702
2010	4315750	0.661	0.472	0.885	0.690
2010	4315800	0.729	0.602	0.853	0.753
2010	4315909	0.732	0.636	0.842	0.733
2010	4315958	0.689	0.579	0.834	0.676
2010	4316006	0.688	0.553	0.830	0.708
2010	4316105	0.724	0.600	0.867	0.729
2010	4316204	0.764	0.678	0.842	0.780
2010	4316303	0.688	0.563	0.843	0.687
2010	4316402	0.699	0.576	0.841	0.705
2010	4316428	0.678	0.596	0.782	0.669
2010	4316436	0.762	0.706	0.841	0.745
2010	4316451	0.687	0.558	0.837	0.693
2010	4316477	0.753	0.706	0.851	0.710
2010	4316501	0.740	0.641	0.843	0.750
2010	4316600	0.747	0.647	0.843	0.764
2010	4316709	0.725	0.634	0.841	0.716
2010	4316733	0.725	0.581	0.839	0.781
2010	4316758	0.740	0.644	0.843	0.747
2010	4316808	0.773	0.693	0.852	0.782
2010	4316907	0.784	0.715	0.848	0.795
2010	4316956	0.676	0.510	0.846	0.716
2010	4316972	0.663	0.484	0.870	0.691
2010	4317004	0.633	0.503	0.802	0.630
2010	4317103	0.727	0.636	0.846	0.715
2010	4317202	0.769	0.693	0.871	0.752
2010	4317251	0.746	0.637	0.853	0.765
2010	4317301	0.712	0.591	0.861	0.709
2010	4317400	0.766	0.682	0.882	0.746
2010	4317509	0.772	0.696	0.863	0.765
2010	4317558	0.764	0.665	0.853	0.787
2010	4317608	0.717	0.594	0.866	0.718
2010	4317707	0.686	0.576	0.835	0.672
2010	4317756	0.759	0.705	0.885	0.701
2010	4317806	0.739	0.637	0.840	0.753
2010	4317905	0.738	0.656	0.820	0.746
2010	4317954	0.732	0.677	0.853	0.679
2010	4318002	0.736	0.643	0.860	0.720
2010	4318051	0.763	0.680	0.839	0.780
2010	4318101	0.675	0.552	0.818	0.681
2010	4318200	0.685	0.534	0.860	0.701
2010	4318309	0.699	0.585	0.822	0.711
2010	4318408	0.696	0.560	0.822	0.734
2010	4318424	0.694	0.575	0.828	0.702
2010	4318432	0.748	0.661	0.847	0.748
2010	4318440	0.732	0.617	0.846	0.750
2010	4318457	0.651	0.542	0.782	0.652
2010	4318465	0.717	0.622	0.847	0.701
2010	4318481	0.707	0.597	0.824	0.717
2010	4318499	0.747	0.702	0.822	0.723
2010	4318507	0.623	0.461	0.792	0.663
2010	4318606	0.755	0.669	0.846	0.759
2010	4318614	0.725	0.590	0.836	0.774
2010	4318622	0.663	0.541	0.801	0.674
2010	4318705	0.739	0.612	0.861	0.766
2010	4318804	0.687	0.528	0.849	0.722
2010	4318903	0.741	0.664	0.855	0.718
2010	4319000	0.768	0.683	0.855	0.775
2010	4319109	0.726	0.628	0.830	0.734
2010	4319125	0.652	0.496	0.848	0.659
2010	4319158	0.667	0.537	0.821	0.674
2010	4319208	0.645	0.523	0.778	0.658
2010	4319307	0.692	0.584	0.825	0.688
2010	4319356	0.739	0.634	0.851	0.748
2010	4319364	0.664	0.566	0.804	0.644
2010	4319372	0.763	0.694	0.843	0.760
2010	4319406	0.709	0.619	0.824	0.698
2010	4319505	0.739	0.646	0.852	0.734
2010	4319604	0.708	0.576	0.871	0.708
2010	4319703	0.720	0.612	0.820	0.745
2010	4319711	0.764	0.677	0.848	0.776
2010	4319737	0.642	0.480	0.816	0.674
2010	4319752	0.754	0.677	0.852	0.743
2010	4319802	0.685	0.553	0.831	0.698
2010	4319901	0.711	0.598	0.832	0.722
2010	4320008	0.726	0.624	0.844	0.726
2010	4320107	0.777	0.705	0.858	0.776
2010	4320206	0.723	0.620	0.865	0.706
2010	4320230	0.712	0.543	0.886	0.751
2010	4320263	0.659	0.525	0.811	0.673
2010	4320305	0.777	0.710	0.841	0.785
2010	4320321	0.693	0.581	0.817	0.701
2010	4320354	0.671	0.545	0.826	0.671
2010	4320404	0.760	0.690	0.843	0.755
2010	4320453	0.652	0.471	0.847	0.695
2010	4320503	0.751	0.678	0.837	0.746
2010	4320552	0.689	0.534	0.832	0.737
2010	4320578	0.683	0.577	0.810	0.682
2010	4320602	0.752	0.670	0.861	0.738
2010	4320651	0.742	0.644	0.852	0.744
2010	4320677	0.631	0.456	0.792	0.697
2010	4320701	0.743	0.647	0.861	0.735
2010	4320800	0.731	0.625	0.861	0.727
2010	4320859	0.701	0.595	0.834	0.694
2010	4320909	0.760	0.688	0.837	0.763
2010	4321006	0.747	0.672	0.835	0.743
2010	4321105	0.695	0.556	0.862	0.699
2010	4321204	0.727	0.579	0.880	0.754
2010	4321303	0.733	0.629	0.849	0.737
2010	4321329	0.739	0.633	0.830	0.768
2010	4321352	0.656	0.492	0.828	0.692
2010	4321402	0.708	0.603	0.830	0.709
2010	4321436	0.689	0.565	0.829	0.699
2010	4321451	0.747	0.650	0.855	0.751
2010	4321469	0.742	0.682	0.845	0.709
2010	4321477	0.689	0.569	0.815	0.705
2010	4321493	0.683	0.569	0.822	0.680
2010	4321501	0.762	0.685	0.862	0.750
2010	4321600	0.719	0.606	0.842	0.727
2010	4321626	0.701	0.559	0.839	0.735
2010	4321634	0.791	0.689	0.851	0.843
2010	4321667	0.718	0.606	0.847	0.722
2010	4321709	0.710	0.584	0.829	0.740
2010	4321808	0.759	0.694	0.834	0.756
2010	4321832	0.662	0.539	0.813	0.661
2010	4321857	0.703	0.560	0.832	0.747
2010	4321907	0.768	0.710	0.858	0.745
2010	4321956	0.687	0.610	0.787	0.675
2010	4322004	0.733	0.629	0.873	0.717
2010	4322103	0.747	0.682	0.816	0.748
2010	4322152	0.657	0.541	0.794	0.659
2010	4322186	0.694	0.595	0.818	0.688
2010	4322202	0.709	0.596	0.828	0.721
2010	4322251	0.718	0.597	0.836	0.742
2010	4322301	0.728	0.632	0.832	0.734
2010	4322327	0.629	0.446	0.814	0.685
2010	4322343	0.700	0.613	0.809	0.691
2010	4322350	0.733	0.587	0.852	0.786
2010	4322376	0.649	0.542	0.804	0.626
2010	4322400	0.744	0.661	0.863	0.722
2010	4322509	0.721	0.605	0.838	0.740
2010	4322525	0.646	0.497	0.816	0.666
2010	4322533	0.624	0.439	0.813	0.681
2010	4322541	0.737	0.636	0.850	0.739
2010	4322558	0.757	0.704	0.836	0.736
2010	4322608	0.712	0.600	0.818	0.736
2010	4322707	0.737	0.643	0.842	0.738
2010	4322806	0.773	0.692	0.838	0.797
2010	4322855	0.723	0.584	0.855	0.758
2010	4322905	0.702	0.561	0.864	0.715
2010	4323002	0.717	0.591	0.866	0.720
2010	4323101	0.638	0.489	0.809	0.656
2010	4323200	0.777	0.722	0.840	0.774
2010	4323309	0.742	0.650	0.867	0.725
2010	4323358	0.705	0.551	0.839	0.759
2010	4323408	0.761	0.664	0.839	0.791
2010	4323457	0.662	0.544	0.827	0.645
2010	4323507	0.739	0.631	0.842	0.760
2010	4323606	0.780	0.692	0.847	0.809
2010	4323705	0.757	0.669	0.839	0.774
2010	4323754	0.655	0.526	0.809	0.659
2010	4323770	0.752	0.630	0.849	0.796
2010	4323804	0.735	0.630	0.852	0.740
\.


--
-- TOC entry 2167 (class 0 OID 17080)
-- Dependencies: 182
-- Data for Name: municipios; Type: TABLE DATA; Schema: public; Owner: postgres
--

COPY municipios (id, municipio, codigo) FROM stdin;
1	ACEGUA	4300034
2	AGUA SANTA	4300059
3	AGUDO	4300109
4	AJURICABA	4300208
5	ALECRIM	4300307
341	RELVADO	4315453
6	ALEGRETE	4300406
7	ALEGRIA	4300455
8	ALMIRANTE TAMANDARE DO SUL	4300471
9	ALPESTRE	4300505
10	ALTO ALEGRE	4300554
11	ALTO FELIZ	4300570
12	ALVORADA	4300604
13	AMARAL FERRADOR	4300638
14	AMETISTA DO SUL	4300646
15	ANDRE DA ROCHA	4300661
16	ANTA GORDA	4300703
17	ANTONIO PRADO	4300802
18	ARAMBARE	4300851
19	ARARICA	4300877
20	ARATIBA	4300901
21	ARROIO DO MEIO	4301008
22	ARROIO DO PADRE	4301073
23	ARROIO DO SAL	4301057
24	ARROIO DOS RATOS	4301107
25	ARROIO DO TIGRE	4301206
26	ARROIO GRANDE	4301305
27	ARVOREZINHA	4301404
28	AUGUSTO PESTANA	4301503
29	AUREA	4301552
30	BAGE	4301602
31	BALNEARIO PINHAL	4301636
32	BARAO	4301651
33	BARAO DE COTEGIPE	4301701
34	BARAO DO TRIUNFO	4301750
35	BARRACAO	4301800
36	BARRA DO GUARITA	4301859
37	BARRA DO QUARAI	4301875
38	BARRA DO RIBEIRO	4301909
39	BARRA DO RIO AZUL	4301925
40	BARRA FUNDA	4301958
41	BARROS CASSAL	4302006
42	BENJAMIN CONSTANT DO SUL	4302055
43	BENTO GONCALVES	4302105
44	BOA VISTA DAS MISSOES	4302154
45	BOA VISTA DO BURICA	4302204
46	BOA VISTA DO CADEADO	4302220
47	BOA VISTA DO INCRA	4302238
48	BOA VISTA DO SUL	4302253
49	BOM JESUS	4302303
50	BOM PRINCIPIO	4302352
51	BOM PROGRESSO	4302378
52	BOM RETIRO DO SUL	4302402
53	BOQUEIRAO DO LEAO	4302451
54	BOSSOROCA	4302501
55	BOZANO	4302584
56	BRAGA	4302600
57	BROCHIER	4302659
58	BUTIA	4302709
59	CACAPAVA DO SUL	4302808
60	CACEQUI	4302907
61	CACHOEIRA DO SUL	4303004
62	CACHOEIRINHA	4303103
63	CACIQUE DOBLE	4303202
64	CAIBATE	4303301
65	CAICARA	4303400
66	CAMAQUA	4303509
67	CAMARGO	4303558
68	CAMBARA DO SUL	4303608
69	CAMPESTRE DA SERRA	4303673
70	CAMPINA DAS MISSOES	4303707
71	CAMPINAS DO SUL	4303806
72	CAMPO BOM	4303905
73	CAMPO NOVO	4304002
74	CAMPOS BORGES	4304101
75	CANDELARIA	4304200
76	CANDIDO GODOI	4304309
77	CANDIOTA	4304358
78	CANELA	4304408
79	CANGUCU	4304507
80	CANOAS	4304606
81	CANUDOS DO VALE	4304614
82	CAPAO BONITO DO SUL	4304622
83	CAPAO DA CANOA	4304630
84	CAPAO DO CIPO	4304655
85	CAPAO DO LEAO	4304663
86	CAPELA DE SANTANA	4304689
87	CAPITAO	4304697
88	CAPIVARI DO SUL	4304671
89	CARAA	4304713
90	CARAZINHO	4304705
91	CARLOS BARBOSA	4304804
92	CARLOS GOMES	4304853
93	CASCA	4304903
94	CASEIROS	4304952
95	CATUIPE	4305009
96	CAXIAS DO SUL	4305108
97	CENTENARIO	4305116
98	CERRITO	4305124
99	CERRO BRANCO	4305132
100	CERRO GRANDE	4305157
101	CERRO GRANDE DO SUL	4305173
102	CERRO LARGO	4305207
103	CHAPADA	4305306
104	CHARQUEADAS	4305355
105	CHARRUA	4305371
106	CHIAPETTA	4305405
107	CHUI	4305439
108	CHUVISCA	4305447
109	CIDREIRA	4305454
110	CIRIACO	4305504
111	COLINAS	4305587
112	COLORADO	4305603
113	CONDOR	4305702
114	CONSTANTINA	4305801
115	COQUEIRO BAIXO	4305835
116	COQUEIROS DO SUL	4305850
117	CORONEL BARROS	4305871
118	CORONEL BICACO	4305900
119	CORONEL PILAR	4305934
120	COTIPORA	4305959
121	COXILHA	4305975
122	CRISSIUMAL	4306007
123	CRISTAL	4306056
124	CRISTAL DO SUL	4306072
125	CRUZ ALTA	4306106
126	CRUZALTENSE	4306130
127	CRUZEIRO DO SUL	4306205
128	DAVID CANABARRO	4306304
129	DERRUBADAS	4306320
130	DEZESSEIS DE NOVEMBRO	4306353
131	DILERMANDO DE AGUIAR	4306379
132	DOIS IRMAOS	4306403
133	DOIS IRMAOS DAS MISSOES	4306429
134	DOIS LAJEADOS	4306452
135	DOM FELICIANO	4306502
136	DOM PEDRITO	4306601
137	DOM PEDRO DE ALCANTARA	4306551
138	DONA FRANCISCA	4306700
139	DOUTOR RICARDO	4306759
140	DR MAURICIO CARDOSO	\N
141	ELDORADO DO SUL	4306767
142	ENCANTADO	4306809
143	ENCRUZILHADA DO SUL	4306908
144	ENGENHO VELHO	4306924
145	ENTRE IJUIS	\N
146	ENTRE RIOS DO SUL	4306957
147	EREBANGO	4306973
148	ERECHIM	4307005
149	ERNESTINA	4307054
150	ERVAL GRANDE	4307203
151	ERVAL SECO	4307302
152	ESMERALDA	4307401
153	ESPERANCA DO SUL	4307450
154	ESPUMOSO	4307500
155	ESTACAO	4307559
156	ESTANCIA VELHA	4307609
157	ESTEIO	4307708
158	ESTRELA	4307807
159	ESTRELA VELHA	4307815
160	EUGENIO DE CASTRO	4307831
161	FAGUNDES VARELA	4307864
162	FARROUPILHA	4307906
163	FAXINAL DO SOTURNO	4308003
164	FAXINALZINHO	4308052
165	FAZENDA VILA NOVA	\N
166	FELIZ	4308102
167	FLORES DA CUNHA	4308201
168	FLORIANO PEIXOTO	4308250
169	FONTOURA XAVIER	4308300
170	FORMIGUEIRO	4308409
171	FORQUETINHA	4308433
172	FORTALEZA DOS VALOS	4308458
173	FREDERICO WESTPHALEN	4308508
174	GARIBALDI	4308607
175	GARRUCHOS	4308656
176	GAURAMA	4308706
177	GENERAL CAMARA	4308805
178	GENTIL	4308854
179	GETULIO VARGAS	4308904
180	GIRUA	4309001
181	GLORINHA	4309050
182	GRAMADO	4309100
183	GRAMADO DOS LOUREIROS	4309126
184	GRAMADO XAVIER	4309159
185	GRAVATAI	4309209
186	GUABIJU	4309258
187	GUAIBA	4309308
188	GUAPORE	4309407
189	GUARANI DAS MISSOES	4309506
190	HARMONIA	4309555
191	HERVAL	4307104
192	HERVEIRAS	4309571
193	HORIZONTINA	4309605
194	HULHA NEGRA	4309654
195	HUMAITA	4309704
196	IBARAMA	4309753
197	IBIACA	4309803
198	IBIRAIARAS	4309902
199	IBIRAPUITA	4309951
200	IBIRUBA	4310009
201	IGREJINHA	4310108
202	IJUI	4310207
203	ILOPOLIS	4310306
204	IMBE	4310330
205	IMIGRANTE	4310363
206	INDEPENDENCIA	4310405
207	INHACORA	4310413
208	IPE	4310439
209	IPIRANGA DO SUL	4310462
210	IRAI	4310504
211	ITAARA	4310538
212	ITACURUBI	4310553
213	ITAPUCA	4310579
214	ITAQUI	4310603
215	ITATI	4310652
216	ITATIBA DO SUL	4310702
217	IVORA	4310751
218	IVOTI	4310801
219	JABOTICABA	4310850
220	JACUIZINHO	4310876
221	JACUTINGA	4310900
222	JAGUARAO	4311007
223	JAGUARI	4311106
224	JAQUIRANA	4311122
225	JARI	4311130
226	JOIA	4311155
227	JULIO DE CASTILHOS	4311205
228	LAGOA BONITA DO SUL	4311239
229	LAGOA DOS TRES CANTOS	4311270
230	LAGOAO	4311254
231	LAGOA VERMELHA	4311304
232	LAJEADO	4311403
233	LAJEADO DO BUGRE	4311429
234	LAVRAS DO SUL	4311502
235	LIBERATO SALZANO	4311601
236	LINDOLFO COLLOR	4311627
237	LINHA NOVA	4311643
238	MACAMBARA	4311718
239	MACHADINHO	4311700
240	MAMPITUBA	4311734
241	MANOEL VIANA	4311759
242	MAQUINE	4311775
243	MARATA	4311791
244	MARAU	4311809
245	MARCELINO RAMOS	4311908
246	MARIANA PIMENTEL	4311981
247	MARIANO MORO	4312005
248	MARQUES DE SOUZA	4312054
249	MATA	4312104
250	MATO CASTELHANO	4312138
251	MATO LEITAO	4312153
252	MATO QUEIMADO	4312179
253	MAXIMILIANO DE ALMEIDA	4312203
254	MINAS DO LEAO	4312252
255	MIRAGUAI	4312302
256	MONTAURI	4312351
257	MONTE ALEGRE DOS CAMPOS	4312377
258	MONTE BELO DO SUL	4312385
259	MONTENEGRO	4312401
260	MORMACO	4312427
261	MORRINHOS DO SUL	4312443
262	MORRO REDONDO	4312450
263	MORRO REUTER	4312476
264	MOSTARDAS	4312500
265	MUCUM	4312609
266	MUITOS CAPOES	4312617
267	MULITERNO	4312625
268	NAO-ME-TOQUE	4312658
269	NICOLAU VERGUEIRO	4312674
270	NONOAI	4312708
271	NOVA ALVORADA	4312757
272	NOVA ARACA	4312807
273	NOVA BASSANO	4312906
274	NOVA BOA VISTA	4312955
275	NOVA BRESCIA	4313003
276	NOVA CANDELARIA	4313011
277	NOVA ESPERANCA DO SUL	4313037
278	NOVA HARTZ	4313060
279	NOVA PADUA	4313086
280	NOVA PALMA	4313102
281	NOVA PETROPOLIS	4313201
282	NOVA PRATA	4313300
283	NOVA RAMADA	4313334
284	NOVA ROMA DO SUL	4313359
285	NOVA SANTA RITA	4313375
286	NOVO BARREIRO	4313490
287	NOVO CABRAIS	4313391
288	NOVO HAMBURGO	4313409
289	NOVO MACHADO	4313425
290	NOVO TIRADENTES	4313441
291	NOVO XINGU	4313466
292	OSORIO	4313508
293	PAIM FILHO	4313607
294	PALMARES DO SUL	4313656
295	PALMEIRA DAS MISSOES	4313706
296	PALMITINHO	4313805
297	PANAMBI	4313904
298	PANTANO GRANDE	4313953
299	PARAI	4314001
300	PARAISO DO SUL	4314027
301	PARECI NOVO	4314035
302	PAROBE	4314050
303	PASSA SETE	4314068
304	PASSO DO SOBRADO	4314076
305	PASSO FUNDO	4314100
306	PAULO BENTO	4314134
307	PAVERAMA	4314159
308	PEDRAS ALTAS	4314175
309	PEDRO OSORIO	4314209
310	PEJUCARA	4314308
311	PELOTAS	4314407
312	PICADA CAFE	4314423
313	PINHAL	4314456
314	PINHAL DA SERRA	4314464
315	PINHAL GRANDE	4314472
316	PINHEIRINHO DO VALE	4314498
317	PINHEIRO MACHADO	4314506
318	PINTO BANDEIRA (BENTO GONC)	\N
319	PIRAPO	4314555
320	PIRATINI	4314605
321	PLANALTO	4314704
322	POCO DAS ANTAS	4314753
323	PONTAO	4314779
324	PONTE PRETA	4314787
325	PORTAO	4314803
326	PORTO ALEGRE	4314902
327	PORTO LUCENA	4315008
328	PORTO MAUA	4315057
329	PORTO VERA CRUZ	4315073
330	PORTO XAVIER	4315107
331	POUSO NOVO	4315131
332	PRESIDENTE LUCENA	4315149
333	PROGRESSO	4315156
334	PROTASIO ALVES	4315172
335	PUTINGA	4315206
336	QUARAI	4315305
337	QUATRO IRMAOS	4315313
338	QUEVEDOS	4315321
339	QUINZE DE NOVEMBRO	4315354
340	REDENTORA	4315404
342	RESTINGA SECA	4315503
343	RIO DOS INDIOS	4315552
344	RIO GRANDE	4315602
345	RIO PARDO	4315701
346	RIOZINHO	4315750
347	ROCA SALES	4315800
348	RODEIO BONITO	4315909
349	ROLADOR	4315958
350	ROLANTE	4316006
351	RONDA ALTA	4316105
352	RONDINHA	4316204
353	ROQUE GONZALES	4316303
354	ROSARIO DO SUL	4316402
355	SAGRADA FAMILIA	4316428
356	SALDANHA MARINHO	4316436
357	SALTO DO JACUI	4316451
358	SALVADOR DAS MISSOES	4316477
359	SALVADOR DO SUL	4316501
360	SANANDUVA	4316600
361	SANTA BARBARA DO SUL	4316709
362	SANTA CECILIA DO SUL	4316733
363	SANTA CLARA DO SUL	4316758
364	SANTA CRUZ DO SUL	4316808
365	SANTA MARGARIDA DO SUL	4316972
366	SANTA MARIA	4316907
367	SANTA MARIA DO HERVAL	4316956
368	SANTANA DA BOA VISTA	4317004
369	SANTANA DO LIVRAMENTO	\N
370	SANTA ROSA	4317202
371	SANTA TEREZA	4317251
372	SANTA VITORIA DO PALMAR	4317301
373	SANTIAGO	4317400
374	SANTO ANGELO	4317509
375	SANTO ANTONIO DA PATRULHA	4317608
376	SANTO ANTONIO DAS MISSOES	4317707
377	SANTO ANTONIO DO PALMA	4317558
378	SANTO ANTONIO DO PLANALTO	4317756
379	SANTO AUGUSTO	4317806
380	SANTO CRISTO	4317905
381	SANTO EXPEDITO DO SUL	4317954
382	SAO BORJA	4318002
383	SAO DOMINGOS DO SUL	4318051
384	SAO FRANCISCO DE ASSIS	4318101
385	SAO FRANCISCO DE PAULA	4318200
386	SAO GABRIEL	4318309
387	SAO JERONIMO	4318408
388	SAO JOAO DA URTIGA	4318424
389	SAO JOAO DO POLESINE	4318432
390	SAO JORGE	4318440
391	SAO JOSE DAS MISSOES	4318457
392	SAO JOSE DO HERVAL	4318465
393	SAO JOSE DO HORTENCIO	4318481
394	SAO JOSE DO INHACORA	4318499
395	SAO JOSE DO NORTE	4318507
396	SAO JOSE DO OURO	4318606
397	SAO JOSE DOS AUSENTES	4318622
398	SAO JOSE DO SUL	4318614
399	SAO LEOPOLDO	4318705
400	SAO LOURENCO DO SUL	4318804
401	SAO LUIZ GONZAGA	4318903
402	SAO MARCOS	4319000
403	SAO MARTINHO	4319109
404	SAO MARTINHO DA SERRA	4319125
405	SAO MIGUEL DAS MISSOES	4319158
406	SAO NICOLAU	4319208
407	SAO PAULO DAS MISSOES	4319307
408	SAO PEDRO DA SERRA	4319356
409	SAO PEDRO DAS MISSOES	4319364
410	SAO PEDRO DO BUTIA	4319372
411	SAO PEDRO DO SUL	4319406
412	SAO SEBASTIAO DO CAI	4319505
413	SAO SEPE	4319604
414	SAO VALENTIM	4319703
415	SAO VALENTIM DO SUL	4319711
416	SAO VALERIO DO SUL	4319737
417	SAO VENDELINO	4319752
418	SAO VICENTE DO SUL	4319802
419	SAPIRANGA	4319901
420	SAPUCAIA DO SUL	4320008
421	SARANDI	4320107
422	SEBERI	4320206
423	SEDE NOVA	4320230
424	SEGREDO	4320263
425	SELBACH	4320305
426	SENADOR SALGADO FILHO	4320321
427	SENTINELA DO SUL	4320354
428	SERAFINA CORREA	4320404
429	SERIO	4320453
430	SERTAO	4320503
431	SERTAO SANTANA	4320552
432	SETE DE SETEMBRO	4320578
433	SEVERIANO DE ALMEIDA	4320602
434	SILVEIRA MARTINS	4320651
435	SINIMBU	4320677
436	SOBRADINHO	4320701
437	SOLEDADE	4320800
438	TABAI	4320859
439	TAPEJARA	4320909
440	TAPERA	4321006
441	TAPES	4321105
442	TAQUARA	4321204
443	TAQUARI	4321303
444	TAQUARUCU DO SUL	4321329
445	TAVARES	4321352
446	TENENTE PORTELA	4321402
447	TERRA DE AREIA	4321436
448	TEUTONIA	4321451
449	TIO HUGO	4321469
450	TIRADENTES DO SUL	4321477
451	TOROPI	4321493
452	TORRES	4321501
453	TRAMANDAI	4321600
454	TRAVESSEIRO	4321626
455	TRES ARROIOS	4321634
456	TRES CACHOEIRAS	4321667
457	TRES COROAS	4321709
458	TRES DE MAIO	4321808
459	TRES FORQUILHAS	4321832
460	TRES PALMEIRAS	4321857
461	TRES PASSOS	4321907
462	TRINDADE DO SUL	4321956
463	TRIUNFO	4322004
464	TUCUNDUVA	4322103
465	TUNAS	4322152
466	TUPANCI DO SUL	4322186
467	TUPANCIRETA	4322202
468	TUPANDI	4322251
469	TUPARENDI	4322301
470	TURUCU	4322327
471	UBIRETAMA	4322343
472	UNIAO DA SERRA	4322350
473	UNISTALDA	4322376
474	URUGUAIANA	4322400
475	VACARIA	4322509
476	VALE DO SOL	4322533
477	VALE REAL	4322541
478	VALE VERDE	4322525
479	VANINI	4322558
480	VENANCIO AIRES	4322608
481	VERA CRUZ	4322707
482	VERANOPOLIS	4322806
483	VESPASIANO CORREA	4322855
484	VIADUTOS	4322905
485	VIAMAO	4323002
486	VICENTE DUTRA	4323101
487	VICTOR GRAEFF	4323200
488	VILA FLORES	4323309
489	VILA LANGARO	4323358
490	VILA MARIA	4323408
491	VILA NOVA DO SUL	4323457
492	VISTA ALEGRE	4323507
493	VISTA ALEGRE DO PRATA	4323606
494	VISTA GAUCHA	4323705
495	VITORIA DAS MISSOES	4323754
496	WESTFALIA	4323770
497	XANGRI-LA	4323804
\.


--
-- TOC entry 2184 (class 0 OID 0)
-- Dependencies: 181
-- Name: municipios_id_seq; Type: SEQUENCE SET; Schema: public; Owner: postgres
--

SELECT pg_catalog.setval('municipios_id_seq', 497, true);


--
-- TOC entry 2170 (class 0 OID 17096)
-- Dependencies: 185
-- Data for Name: ocorrencias; Type: TABLE DATA; Schema: public; Owner: postgres
--

COPY ocorrencias (id_municipio, id_fato, ano, mes, qtde) FROM stdin;
2	8	2011	6	1
3	1	2011	1	4
3	5	2011	1	1
3	9	2011	1	10
3	13	2011	1	1
3	1	2011	2	2
3	5	2011	2	1
3	9	2011	2	11
3	5	2011	3	1
3	8	2011	3	2
3	9	2011	3	10
3	9	2011	4	28
3	9	2011	5	16
3	5	2011	6	3
3	9	2011	6	8
3	13	2011	6	1
4	8	2011	1	1
4	9	2011	1	2
4	9	2011	2	3
4	8	2011	3	1
4	9	2011	3	6
4	1	2011	4	1
4	9	2011	4	4
4	9	2011	5	12
4	5	2011	6	2
4	8	2011	6	1
4	9	2011	6	2
5	9	2011	1	8
5	9	2011	2	6
5	5	2011	3	1
5	9	2011	3	5
5	1	2011	4	1
5	9	2011	4	7
5	3	2011	5	1
5	9	2011	5	6
5	5	2011	6	1
5	8	2011	6	1
5	9	2011	6	9
6	1	2011	1	6
6	3	2011	1	2
6	4	2011	1	7
6	5	2011	1	5
6	8	2011	1	1
6	9	2011	1	79
6	10	2011	1	2
6	13	2011	1	6
6	1	2011	2	4
6	3	2011	2	6
6	4	2011	2	1
6	5	2011	2	3
6	8	2011	2	1
6	9	2011	2	59
6	10	2011	2	2
6	13	2011	2	8
6	1	2011	3	4
6	3	2011	3	3
6	4	2011	3	5
6	5	2011	3	2
6	6	2011	3	1
6	8	2011	3	2
6	9	2011	3	81
6	10	2011	3	1
6	13	2011	3	3
6	1	2011	4	5
6	3	2011	4	3
6	4	2011	4	2
6	5	2011	4	1
6	8	2011	4	3
6	9	2011	4	81
6	10	2011	4	1
6	13	2011	4	10
6	1	2011	5	4
6	3	2011	5	5
6	4	2011	5	2
6	5	2011	5	8
6	9	2011	5	103
6	13	2011	5	9
6	1	2011	6	3
6	3	2011	6	7
6	4	2011	6	3
6	5	2011	6	5
6	8	2011	6	2
6	9	2011	6	103
6	12	2011	6	1
6	13	2011	6	7
7	9	2011	1	6
7	9	2011	2	3
7	5	2011	3	1
7	9	2011	3	2
7	13	2011	3	1
7	8	2011	4	1
7	9	2011	4	3
7	9	2011	6	2
8	1	2011	1	1
8	9	2011	1	2
8	9	2011	2	1
8	13	2011	3	1
8	9	2011	4	2
8	9	2011	5	1
9	1	2011	1	1
9	9	2011	1	9
9	13	2011	1	1
445	9	2011	2	7
9	1	2011	2	1
9	9	2011	2	5
9	13	2011	2	1
9	1	2011	3	2
9	9	2011	3	2
9	9	2011	4	7
9	13	2011	4	1
9	9	2011	5	6
9	4	2011	6	1
9	9	2011	6	5
10	8	2011	3	1
10	9	2011	3	3
10	13	2011	4	1
10	8	2011	5	1
10	9	2011	5	4
10	8	2011	6	1
11	9	2011	2	2
11	9	2011	4	1
11	1	2011	5	1
11	9	2011	5	1
11	9	2011	6	1
12	1	2011	1	8
12	2	2011	1	1
12	3	2011	1	24
12	4	2011	1	10
12	5	2011	1	13
12	6	2011	1	1
12	8	2011	1	15
12	9	2011	1	170
12	10	2011	1	5
12	12	2011	1	22
12	13	2011	1	136
12	1	2011	2	7
12	2	2011	2	1
12	3	2011	2	20
12	4	2011	2	13
12	5	2011	2	12
12	6	2011	2	3
12	8	2011	2	18
12	9	2011	2	149
12	10	2011	2	7
12	12	2011	2	20
12	13	2011	2	146
12	1	2011	3	9
12	2	2011	3	1
12	3	2011	3	26
12	4	2011	3	13
12	5	2011	3	16
12	8	2011	3	31
12	9	2011	3	212
12	10	2011	3	5
12	11	2011	3	1
12	12	2011	3	18
12	13	2011	3	137
12	1	2011	4	8
12	2	2011	4	1
12	3	2011	4	29
12	4	2011	4	18
12	5	2011	4	14
12	8	2011	4	35
12	9	2011	4	195
12	10	2011	4	9
12	12	2011	4	20
12	13	2011	4	157
12	1	2011	5	14
12	3	2011	5	39
12	4	2011	5	14
12	5	2011	5	14
12	8	2011	5	42
12	9	2011	5	185
12	10	2011	5	6
12	12	2011	5	14
12	13	2011	5	182
12	1	2011	6	7
12	3	2011	6	52
12	4	2011	6	29
12	5	2011	6	11
12	8	2011	6	27
12	9	2011	6	153
12	10	2011	6	4
12	12	2011	6	5
12	13	2011	6	155
13	1	2011	1	1
13	9	2011	1	2
13	1	2011	2	1
13	8	2011	2	1
13	9	2011	2	7
13	1	2011	3	1
13	9	2011	3	3
13	13	2011	3	1
13	9	2011	4	5
13	1	2011	5	1
13	5	2011	5	1
13	9	2011	5	9
13	9	2011	6	2
13	12	2011	6	1
13	13	2011	6	3
14	9	2011	1	4
445	9	2011	3	5
14	1	2011	2	1
14	9	2011	2	3
14	9	2011	3	5
14	9	2011	4	8
14	9	2011	5	4
14	9	2011	6	7
15	9	2011	1	1
15	9	2011	2	4
15	2	2011	3	1
15	9	2011	3	8
15	1	2011	4	1
15	9	2011	4	4
15	1	2011	5	2
15	9	2011	5	3
16	1	2011	1	1
16	4	2011	1	1
16	5	2011	1	1
16	1	2011	2	1
16	3	2011	2	1
16	5	2011	2	6
16	1	2011	4	1
16	4	2011	4	1
16	9	2011	4	1
16	9	2011	5	3
16	13	2011	5	1
16	1	2011	6	2
16	4	2011	6	1
16	9	2011	6	3
17	3	2011	1	1
17	9	2011	1	14
17	13	2011	1	1
17	1	2011	2	2
17	5	2011	2	1
17	9	2011	2	12
17	13	2011	2	2
17	5	2011	3	2
17	9	2011	3	11
17	13	2011	3	1
17	3	2011	4	2
17	4	2011	4	1
17	5	2011	4	1
17	8	2011	4	1
17	9	2011	4	7
17	10	2011	4	1
17	13	2011	4	1
17	3	2011	5	3
17	5	2011	5	1
17	9	2011	5	8
17	13	2011	5	1
17	1	2011	6	1
17	3	2011	6	2
17	4	2011	6	1
17	9	2011	6	5
17	13	2011	6	1
18	3	2011	1	1
18	4	2011	1	1
18	9	2011	1	4
18	9	2011	2	4
18	13	2011	2	1
18	5	2011	3	1
18	8	2011	3	1
18	9	2011	3	6
18	9	2011	4	2
18	9	2011	5	13
18	9	2011	6	3
19	5	2011	1	1
19	8	2011	1	1
19	9	2011	1	2
19	3	2011	2	1
19	4	2011	2	1
19	9	2011	2	8
19	6	2011	3	1
19	9	2011	3	1
19	1	2011	4	1
19	4	2011	4	1
19	9	2011	5	5
19	12	2011	5	1
19	9	2011	6	3
20	9	2011	1	3
20	13	2011	1	1
20	1	2011	2	1
20	9	2011	2	3
20	9	2011	3	1
20	8	2011	4	1
20	9	2011	4	2
20	5	2011	5	1
20	9	2011	5	1
20	8	2011	6	1
20	9	2011	6	3
21	2	2011	1	1
21	5	2011	1	5
21	9	2011	1	22
21	12	2011	1	1
21	13	2011	1	1
21	1	2011	2	1
21	3	2011	2	1
21	5	2011	2	1
21	8	2011	2	2
21	9	2011	2	15
21	12	2011	2	1
21	3	2011	3	1
21	5	2011	3	1
21	8	2011	3	1
21	9	2011	3	21
21	13	2011	3	1
21	3	2011	4	1
21	5	2011	4	1
21	8	2011	4	2
21	9	2011	4	24
21	12	2011	4	1
21	13	2011	4	2
21	1	2011	5	1
21	3	2011	5	2
21	8	2011	5	1
21	9	2011	5	13
21	10	2011	5	1
21	13	2011	5	2
21	5	2011	6	1
21	9	2011	6	16
21	13	2011	6	2
22	9	2011	2	2
22	9	2011	6	1
23	1	2011	1	1
23	3	2011	1	2
23	4	2011	1	1
23	5	2011	1	1
23	8	2011	1	1
23	9	2011	1	65
23	12	2011	1	2
23	13	2011	1	5
23	3	2011	2	2
23	4	2011	2	3
23	5	2011	2	2
23	9	2011	2	35
23	13	2011	2	2
23	1	2011	3	1
23	8	2011	3	1
23	9	2011	3	27
23	13	2011	3	3
23	8	2011	4	2
23	9	2011	4	28
23	13	2011	4	1
23	5	2011	5	2
23	9	2011	5	34
23	13	2011	5	1
23	5	2011	6	1
23	9	2011	6	9
25	1	2011	1	1
25	5	2011	1	2
25	9	2011	1	12
25	10	2011	1	2
25	5	2011	2	2
25	9	2011	2	7
25	10	2011	2	1
25	1	2011	3	1
25	5	2011	3	1
25	9	2011	3	10
25	13	2011	3	1
25	5	2011	4	2
25	8	2011	4	1
25	9	2011	4	24
25	1	2011	5	2
25	5	2011	5	1
25	8	2011	5	1
25	9	2011	5	9
25	13	2011	5	1
25	5	2011	6	1
25	8	2011	6	2
25	9	2011	6	18
25	13	2011	6	1
24	1	2011	1	2
24	9	2011	1	6
24	13	2011	1	1
24	4	2011	2	1
24	9	2011	2	9
24	13	2011	2	1
24	1	2011	3	1
24	4	2011	3	1
24	8	2011	3	1
24	9	2011	3	14
24	9	2011	4	10
24	13	2011	4	2
24	9	2011	5	12
24	12	2011	5	3
24	13	2011	5	3
24	8	2011	6	1
24	9	2011	6	8
24	12	2011	6	1
24	13	2011	6	5
26	1	2011	1	1
26	4	2011	1	2
26	5	2011	1	3
26	8	2011	1	1
26	9	2011	1	18
26	13	2011	1	1
26	1	2011	2	1
26	3	2011	2	3
62	13	2011	2	59
26	4	2011	2	2
26	5	2011	2	2
26	9	2011	2	32
26	3	2011	3	5
26	5	2011	3	2
26	9	2011	3	21
26	10	2011	3	1
26	13	2011	3	1
26	3	2011	4	1
26	5	2011	4	1
26	9	2011	4	18
26	1	2011	5	1
26	3	2011	5	3
26	4	2011	5	3
26	5	2011	5	1
26	9	2011	5	14
26	3	2011	6	2
26	4	2011	6	2
26	9	2011	6	14
27	9	2011	1	7
27	1	2011	2	3
27	3	2011	2	1
27	9	2011	2	7
27	13	2011	2	1
27	1	2011	3	3
27	3	2011	3	1
27	4	2011	3	1
27	5	2011	3	1
27	9	2011	3	9
27	10	2011	3	1
27	13	2011	3	1
27	1	2011	4	1
27	9	2011	4	8
27	2	2011	5	1
27	5	2011	5	1
27	9	2011	5	8
27	12	2011	5	1
27	1	2011	6	1
27	2	2011	6	1
27	5	2011	6	1
27	9	2011	6	5
28	5	2011	1	2
28	9	2011	1	5
28	5	2011	2	1
28	9	2011	2	9
28	1	2011	3	1
28	8	2011	3	3
28	9	2011	3	2
28	9	2011	4	4
28	1	2011	5	1
28	5	2011	5	1
28	3	2011	6	1
28	9	2011	6	2
28	12	2011	6	1
29	9	2011	1	2
29	9	2011	2	1
29	9	2011	3	2
29	9	2011	4	1
29	9	2011	5	2
29	9	2011	6	3
30	1	2011	1	4
30	3	2011	1	3
30	4	2011	1	2
30	5	2011	1	12
30	8	2011	1	11
30	9	2011	1	172
30	10	2011	1	3
30	12	2011	1	1
30	13	2011	1	31
30	1	2011	2	2
30	3	2011	2	6
30	4	2011	2	4
30	5	2011	2	8
30	8	2011	2	3
30	9	2011	2	161
30	10	2011	2	1
30	13	2011	2	24
30	1	2011	3	6
30	3	2011	3	10
30	4	2011	3	3
30	5	2011	3	13
30	8	2011	3	3
30	9	2011	3	172
30	13	2011	3	11
30	1	2011	4	2
30	3	2011	4	9
30	4	2011	4	7
30	5	2011	4	10
30	8	2011	4	6
30	9	2011	4	144
30	13	2011	4	25
30	1	2011	5	3
30	3	2011	5	17
30	4	2011	5	6
30	5	2011	5	10
30	6	2011	5	2
30	8	2011	5	8
30	9	2011	5	165
30	13	2011	5	24
30	1	2011	6	5
30	3	2011	6	17
30	4	2011	6	3
30	5	2011	6	1
30	8	2011	6	15
30	9	2011	6	178
30	10	2011	6	1
30	13	2011	6	21
31	1	2011	1	1
31	3	2011	1	12
31	4	2011	1	4
31	5	2011	1	2
31	8	2011	1	5
31	9	2011	1	61
31	10	2011	1	1
31	13	2011	1	12
31	1	2011	2	1
31	3	2011	2	8
31	4	2011	2	2
31	5	2011	2	3
31	8	2011	2	1
31	9	2011	2	34
31	13	2011	2	6
31	1	2011	3	2
31	3	2011	3	2
31	4	2011	3	1
31	5	2011	3	2
31	8	2011	3	1
31	9	2011	3	32
31	13	2011	3	3
31	1	2011	4	1
31	4	2011	4	2
31	5	2011	4	1
31	9	2011	4	31
31	13	2011	4	2
31	3	2011	5	1
31	4	2011	5	1
31	5	2011	5	1
31	9	2011	5	25
31	10	2011	5	1
31	13	2011	5	2
31	3	2011	6	3
31	4	2011	6	2
31	9	2011	6	27
31	13	2011	6	3
32	9	2011	1	2
32	3	2011	2	1
32	8	2011	3	1
32	9	2011	3	3
32	9	2011	4	1
32	9	2011	6	2
33	1	2011	1	2
33	8	2011	1	1
33	9	2011	1	5
33	9	2011	2	5
33	13	2011	2	1
33	9	2011	3	3
33	1	2011	4	1
33	9	2011	4	4
33	13	2011	4	1
33	1	2011	5	1
33	9	2011	5	5
33	4	2011	6	2
33	9	2011	6	9
34	9	2011	1	10
34	9	2011	2	2
34	13	2011	2	1
34	9	2011	3	5
34	10	2011	3	1
34	13	2011	3	1
34	1	2011	4	1
34	9	2011	4	4
34	13	2011	4	3
34	9	2011	5	3
34	9	2011	6	3
36	1	2011	1	1
36	8	2011	1	1
36	9	2011	1	2
36	10	2011	1	1
36	1	2011	2	3
36	9	2011	2	3
36	9	2011	3	2
36	1	2011	4	2
36	9	2011	4	9
36	3	2011	5	1
36	9	2011	5	3
36	1	2011	6	1
36	9	2011	6	2
37	9	2011	1	9
37	9	2011	2	7
37	9	2011	3	11
37	9	2011	4	3
37	9	2011	5	6
37	9	2011	6	4
38	1	2011	1	2
445	9	2011	4	3
38	3	2011	1	1
38	9	2011	1	17
38	1	2011	2	2
38	3	2011	2	2
38	5	2011	2	2
38	9	2011	2	22
38	12	2011	2	2
38	13	2011	2	2
38	1	2011	3	1
38	3	2011	3	3
38	4	2011	3	1
38	5	2011	3	1
38	8	2011	3	1
38	9	2011	3	22
38	13	2011	3	2
38	1	2011	4	3
38	4	2011	4	1
38	9	2011	4	15
38	10	2011	4	1
38	1	2011	5	1
38	9	2011	5	10
38	13	2011	5	2
38	1	2011	6	1
38	9	2011	6	1
38	12	2011	6	1
39	9	2011	1	3
39	9	2011	5	1
40	8	2011	1	1
40	9	2011	1	2
40	9	2011	3	3
40	5	2011	4	1
40	9	2011	4	1
40	9	2011	5	2
35	1	2011	1	1
35	8	2011	1	1
35	9	2011	1	5
35	13	2011	1	1
35	9	2011	2	5
35	1	2011	3	1
35	9	2011	3	3
35	1	2011	4	1
35	5	2011	4	1
35	8	2011	4	1
35	9	2011	4	2
35	1	2011	5	2
35	9	2011	5	6
35	9	2011	6	7
41	1	2011	1	1
41	5	2011	1	2
41	9	2011	1	5
41	1	2011	2	1
41	9	2011	2	3
41	13	2011	2	2
41	9	2011	3	11
41	5	2011	4	1
41	9	2011	4	17
41	11	2011	4	1
41	13	2011	4	2
41	1	2011	5	1
41	5	2011	5	1
41	8	2011	5	2
41	9	2011	5	10
41	1	2011	6	1
41	9	2011	6	1
42	1	2011	2	1
42	1	2011	3	1
42	9	2011	3	1
42	9	2011	4	2
42	13	2011	4	1
42	9	2011	5	1
42	1	2011	6	1
42	8	2011	6	2
43	1	2011	1	4
43	3	2011	1	6
43	5	2011	1	9
43	8	2011	1	19
43	9	2011	1	137
43	10	2011	1	1
43	12	2011	1	1
43	13	2011	1	23
43	1	2011	2	7
43	3	2011	2	7
43	5	2011	2	14
43	8	2011	2	21
43	9	2011	2	146
43	12	2011	2	5
43	13	2011	2	30
43	1	2011	3	1
43	3	2011	3	3
43	4	2011	3	1
43	5	2011	3	14
43	6	2011	3	1
43	7	2011	3	1
43	8	2011	3	19
43	9	2011	3	160
43	10	2011	3	2
43	12	2011	3	10
43	13	2011	3	21
43	1	2011	4	11
43	3	2011	4	10
43	4	2011	4	5
43	5	2011	4	11
43	8	2011	4	24
43	9	2011	4	171
43	12	2011	4	8
43	13	2011	4	35
43	1	2011	5	5
43	2	2011	5	1
43	3	2011	5	6
73	13	2011	4	2
43	4	2011	5	1
43	5	2011	5	8
43	6	2011	5	1
43	8	2011	5	13
43	9	2011	5	150
43	10	2011	5	1
43	13	2011	5	41
43	1	2011	6	5
43	3	2011	6	24
43	4	2011	6	7
43	5	2011	6	8
43	6	2011	6	2
43	8	2011	6	15
43	9	2011	6	130
43	10	2011	6	1
43	12	2011	6	5
43	13	2011	6	42
44	1	2011	2	1
44	9	2011	2	1
44	9	2011	3	1
44	9	2011	4	3
44	13	2011	4	1
44	9	2011	5	1
44	13	2011	6	1
45	1	2011	1	1
45	9	2011	1	3
45	9	2011	3	3
45	1	2011	4	1
45	9	2011	4	1
45	9	2011	5	5
45	5	2011	6	1
45	9	2011	6	5
46	9	2011	1	2
46	9	2011	3	3
46	9	2011	4	6
46	9	2011	5	2
46	5	2011	6	1
46	9	2011	6	2
47	9	2011	1	2
47	9	2011	2	1
47	8	2011	3	1
47	9	2011	3	5
47	9	2011	4	2
47	9	2011	5	1
47	9	2011	6	3
48	9	2011	1	5
48	13	2011	1	1
48	9	2011	2	5
48	13	2011	2	1
48	8	2011	3	1
48	9	2011	3	2
48	9	2011	4	2
56	9	2011	4	2
48	12	2011	4	1
48	9	2011	5	7
48	9	2011	6	4
49	4	2011	1	8
49	5	2011	1	1
49	8	2011	1	1
49	9	2011	1	4
49	1	2011	2	1
49	5	2011	2	1
49	9	2011	2	9
49	13	2011	2	2
49	1	2011	3	2
49	3	2011	3	2
49	4	2011	3	5
49	5	2011	3	1
49	9	2011	3	5
49	10	2011	3	1
49	13	2011	3	1
49	1	2011	4	2
49	4	2011	4	4
49	5	2011	4	1
49	9	2011	4	11
49	13	2011	4	1
49	1	2011	5	4
49	4	2011	5	6
49	5	2011	5	1
49	9	2011	5	11
49	13	2011	5	2
49	1	2011	6	2
49	3	2011	6	1
49	4	2011	6	1
49	9	2011	6	16
49	13	2011	6	2
50	3	2011	1	2
50	5	2011	1	1
50	9	2011	1	14
50	8	2011	2	2
50	9	2011	2	14
50	12	2011	2	1
50	13	2011	2	1
50	9	2011	3	3
50	5	2011	4	1
50	8	2011	4	2
50	9	2011	4	10
50	3	2011	5	7
50	8	2011	5	6
50	9	2011	5	4
50	3	2011	6	4
50	8	2011	6	2
50	9	2011	6	3
50	13	2011	6	1
51	1	2011	1	1
51	9	2011	1	1
51	1	2011	3	1
51	9	2011	3	1
51	9	2011	4	1
51	9	2011	6	6
52	1	2011	1	1
52	3	2011	1	2
52	8	2011	1	1
52	9	2011	1	3
52	13	2011	1	2
52	1	2011	2	2
52	5	2011	2	3
52	9	2011	2	7
52	1	2011	3	1
52	9	2011	3	11
52	13	2011	3	1
52	1	2011	4	2
52	9	2011	4	11
52	3	2011	5	1
52	4	2011	5	2
52	5	2011	5	1
52	9	2011	5	10
52	9	2011	6	10
52	13	2011	6	2
53	9	2011	1	3
53	13	2011	1	1
53	8	2011	2	2
53	9	2011	2	4
53	8	2011	3	1
53	9	2011	3	9
53	13	2011	3	1
53	9	2011	4	6
53	13	2011	4	1
53	9	2011	5	4
53	13	2011	5	1
53	9	2011	6	2
54	5	2011	1	1
54	8	2011	1	1
54	9	2011	1	9
54	9	2011	2	7
54	1	2011	3	2
54	9	2011	3	8
54	13	2011	3	2
54	9	2011	4	4
54	5	2011	5	2
54	9	2011	5	3
54	13	2011	5	1
54	9	2011	6	15
55	9	2011	1	2
55	9	2011	3	3
55	9	2011	4	3
55	9	2011	5	1
55	9	2011	6	2
56	8	2011	1	1
56	9	2011	1	2
56	9	2011	2	3
56	1	2011	3	2
56	4	2011	3	1
56	9	2011	3	4
56	9	2011	5	2
56	9	2011	6	2
56	13	2011	6	1
57	9	2011	2	1
57	9	2011	3	1
57	5	2011	4	1
57	3	2011	5	1
57	10	2011	5	1
57	9	2011	6	3
58	1	2011	1	1
58	3	2011	1	1
58	4	2011	1	1
58	5	2011	1	3
58	6	2011	1	1
58	9	2011	1	22
58	13	2011	1	1
58	1	2011	2	1
58	9	2011	2	12
58	13	2011	2	1
58	3	2011	3	2
58	5	2011	3	3
58	6	2011	3	1
58	9	2011	3	30
58	10	2011	3	1
58	13	2011	3	1
58	1	2011	4	1
58	3	2011	4	2
58	4	2011	4	2
58	8	2011	4	1
58	9	2011	4	20
58	9	2011	5	16
58	10	2011	5	1
58	13	2011	5	3
58	3	2011	6	3
58	4	2011	6	1
58	9	2011	6	19
58	13	2011	6	1
59	5	2011	1	5
59	8	2011	1	1
59	9	2011	1	39
59	10	2011	1	1
59	12	2011	1	1
59	5	2011	2	1
59	8	2011	2	1
59	9	2011	2	41
59	13	2011	2	2
59	1	2011	3	2
59	3	2011	3	3
59	4	2011	3	1
59	5	2011	3	2
59	9	2011	3	39
59	10	2011	3	1
59	13	2011	3	5
59	4	2011	4	1
59	5	2011	4	3
59	8	2011	4	1
59	9	2011	4	40
59	10	2011	4	1
59	13	2011	4	2
59	1	2011	5	1
59	5	2011	5	2
59	9	2011	5	41
59	10	2011	5	1
59	13	2011	5	1
59	9	2011	6	30
59	12	2011	6	1
59	13	2011	6	3
60	1	2011	1	2
60	5	2011	1	4
60	9	2011	1	11
60	13	2011	1	1
60	1	2011	2	1
60	4	2011	2	1
60	9	2011	2	24
60	13	2011	2	1
60	9	2011	3	37
60	13	2011	3	1
60	1	2011	4	2
60	3	2011	4	1
60	9	2011	4	26
60	13	2011	4	2
60	9	2011	5	30
60	13	2011	5	1
60	5	2011	6	1
60	9	2011	6	24
60	13	2011	6	1
61	1	2011	1	4
61	3	2011	1	2
61	4	2011	1	2
61	5	2011	1	11
61	8	2011	1	3
61	9	2011	1	138
61	12	2011	1	1
61	13	2011	1	6
61	1	2011	2	4
61	3	2011	2	2
61	4	2011	2	2
61	5	2011	2	5
61	8	2011	2	2
61	9	2011	2	104
61	10	2011	2	1
61	12	2011	2	1
61	13	2011	2	8
61	1	2011	3	4
61	3	2011	3	4
61	4	2011	3	2
61	5	2011	3	6
61	6	2011	3	1
61	8	2011	3	4
61	9	2011	3	84
61	10	2011	3	1
61	13	2011	3	7
61	3	2011	4	10
61	4	2011	4	4
61	6	2011	4	1
61	8	2011	4	5
61	9	2011	4	89
61	13	2011	4	11
61	1	2011	5	1
61	2	2011	5	1
61	3	2011	5	3
61	4	2011	5	2
61	5	2011	5	7
61	8	2011	5	3
61	9	2011	5	120
61	13	2011	5	6
61	3	2011	6	7
61	4	2011	6	1
61	5	2011	6	6
61	8	2011	6	2
61	9	2011	6	113
61	10	2011	6	1
61	13	2011	6	5
62	1	2011	1	5
62	3	2011	1	20
62	4	2011	1	4
62	5	2011	1	12
62	8	2011	1	25
62	9	2011	1	145
62	10	2011	1	3
62	12	2011	1	17
62	13	2011	1	54
62	1	2011	2	5
62	3	2011	2	10
62	4	2011	2	6
62	5	2011	2	18
62	8	2011	2	12
62	9	2011	2	184
62	10	2011	2	2
62	12	2011	2	15
62	1	2011	3	3
62	3	2011	3	31
62	4	2011	3	6
62	5	2011	3	15
62	8	2011	3	7
62	9	2011	3	130
62	10	2011	3	1
62	12	2011	3	18
62	13	2011	3	44
62	1	2011	4	7
62	3	2011	4	22
62	4	2011	4	6
62	5	2011	4	16
62	8	2011	4	19
62	9	2011	4	225
62	10	2011	4	1
62	12	2011	4	19
62	13	2011	4	58
62	1	2011	5	5
62	3	2011	5	21
62	4	2011	5	7
62	5	2011	5	13
62	6	2011	5	1
62	8	2011	5	8
62	9	2011	5	174
62	10	2011	5	3
62	12	2011	5	20
62	13	2011	5	79
62	1	2011	6	6
62	3	2011	6	11
62	4	2011	6	8
62	5	2011	6	14
62	8	2011	6	15
62	9	2011	6	165
62	10	2011	6	3
62	12	2011	6	26
62	13	2011	6	76
63	1	2011	1	1
63	9	2011	1	3
63	13	2011	1	1
63	9	2011	2	7
63	13	2011	2	1
63	9	2011	3	2
63	9	2011	4	1
63	9	2011	5	3
63	9	2011	6	4
64	9	2011	1	3
64	9	2011	2	2
64	9	2011	3	3
64	5	2011	4	1
64	9	2011	4	2
64	8	2011	5	1
64	3	2011	6	1
64	9	2011	6	1
65	1	2011	1	1
65	9	2011	1	3
65	9	2011	2	2
65	10	2011	2	1
65	9	2011	3	2
65	9	2011	4	1
65	1	2011	5	1
65	9	2011	5	1
65	9	2011	6	2
66	1	2011	1	2
66	3	2011	1	2
66	4	2011	1	2
66	5	2011	1	11
66	8	2011	1	6
66	9	2011	1	110
66	13	2011	1	8
72	11	2011	4	1
66	1	2011	2	2
66	4	2011	2	6
66	5	2011	2	6
66	6	2011	2	1
66	8	2011	2	2
66	9	2011	2	102
66	13	2011	2	7
66	1	2011	3	5
66	3	2011	3	2
66	4	2011	3	4
66	5	2011	3	4
66	8	2011	3	7
66	9	2011	3	102
66	13	2011	3	5
66	1	2011	4	5
66	3	2011	4	1
66	4	2011	4	11
66	5	2011	4	8
66	8	2011	4	7
66	9	2011	4	125
66	10	2011	4	1
66	13	2011	4	11
66	1	2011	5	5
66	3	2011	5	3
66	4	2011	5	4
66	5	2011	5	7
66	6	2011	5	1
66	8	2011	5	15
66	9	2011	5	102
66	10	2011	5	1
66	13	2011	5	12
66	1	2011	6	3
66	2	2011	6	1
66	3	2011	6	1
66	4	2011	6	4
66	5	2011	6	8
66	8	2011	6	9
66	9	2011	6	95
66	10	2011	6	1
66	13	2011	6	13
67	9	2011	1	3
67	5	2011	4	1
67	9	2011	4	4
67	9	2011	5	1
68	9	2011	1	4
68	5	2011	2	1
68	9	2011	2	2
68	10	2011	2	1
68	4	2011	3	1
68	9	2011	3	3
68	13	2011	3	1
68	1	2011	4	1
68	9	2011	4	1
68	1	2011	5	1
68	9	2011	5	5
68	1	2011	6	1
68	4	2011	6	1
68	9	2011	6	8
69	9	2011	2	5
69	10	2011	2	1
69	1	2011	3	1
69	13	2011	3	1
69	9	2011	5	3
69	9	2011	6	3
70	1	2011	2	1
70	9	2011	2	2
70	9	2011	3	2
70	9	2011	4	1
70	9	2011	5	4
70	9	2011	6	4
71	5	2011	1	1
71	9	2011	1	1
71	1	2011	2	1
71	4	2011	2	1
71	9	2011	2	2
71	3	2011	3	1
71	9	2011	3	2
71	9	2011	4	1
71	9	2011	5	2
71	5	2011	6	1
71	9	2011	6	4
71	13	2011	6	1
72	1	2011	1	3
72	3	2011	1	4
72	4	2011	1	1
72	5	2011	1	5
72	8	2011	1	11
72	9	2011	1	69
72	12	2011	1	4
72	13	2011	1	30
72	1	2011	2	2
72	3	2011	2	6
72	4	2011	2	1
72	5	2011	2	8
72	8	2011	2	13
72	9	2011	2	75
72	12	2011	2	3
72	13	2011	2	17
72	1	2011	3	3
72	3	2011	3	14
72	4	2011	3	3
72	5	2011	3	8
72	8	2011	3	17
72	9	2011	3	77
72	12	2011	3	15
72	13	2011	3	25
72	1	2011	4	3
72	3	2011	4	20
72	4	2011	4	3
72	5	2011	4	6
72	8	2011	4	24
72	9	2011	4	71
72	12	2011	4	13
72	13	2011	4	36
72	1	2011	5	1
72	3	2011	5	20
72	5	2011	5	5
72	8	2011	5	31
72	9	2011	5	94
72	10	2011	5	1
72	12	2011	5	11
72	13	2011	5	28
72	1	2011	6	1
72	2	2011	6	1
72	3	2011	6	13
72	4	2011	6	4
72	5	2011	6	2
72	6	2011	6	1
72	8	2011	6	21
72	9	2011	6	74
72	12	2011	6	11
72	13	2011	6	27
73	5	2011	1	1
73	9	2011	1	10
73	1	2011	2	1
73	9	2011	2	5
73	1	2011	3	4
73	8	2011	3	1
73	9	2011	3	4
73	8	2011	4	1
73	9	2011	4	6
73	1	2011	5	2
73	2	2011	5	1
73	4	2011	5	1
73	9	2011	5	7
73	13	2011	5	1
73	1	2011	6	1
73	9	2011	6	4
74	9	2011	1	1
74	8	2011	2	1
74	9	2011	2	1
74	1	2011	3	1
74	8	2011	3	1
74	9	2011	3	1
74	1	2011	4	1
74	9	2011	4	1
74	9	2011	5	1
74	8	2011	6	2
74	9	2011	6	1
75	1	2011	1	3
75	3	2011	1	1
75	5	2011	1	3
75	6	2011	1	1
75	9	2011	1	29
75	10	2011	1	1
75	13	2011	1	3
75	1	2011	2	4
75	5	2011	2	2
75	8	2011	2	4
75	9	2011	2	33
75	10	2011	2	1
75	13	2011	2	1
75	1	2011	3	2
75	4	2011	3	2
75	8	2011	3	5
75	9	2011	3	19
75	12	2011	3	1
75	13	2011	3	9
75	1	2011	4	1
75	3	2011	4	1
75	4	2011	4	1
75	5	2011	4	3
75	8	2011	4	2
75	9	2011	4	25
75	11	2011	4	1
75	12	2011	4	1
75	13	2011	4	2
75	3	2011	5	1
75	4	2011	5	1
75	5	2011	5	3
75	8	2011	5	1
75	9	2011	5	21
75	13	2011	5	6
75	1	2011	6	4
75	3	2011	6	1
75	5	2011	6	1
75	8	2011	6	5
75	9	2011	6	19
75	13	2011	6	3
76	9	2011	1	2
76	9	2011	3	1
76	9	2011	4	1
76	9	2011	5	1
76	9	2011	6	1
77	1	2011	1	1
77	8	2011	1	1
77	9	2011	1	15
77	13	2011	1	1
77	1	2011	2	1
77	5	2011	2	3
77	9	2011	2	16
77	9	2011	3	24
77	13	2011	3	1
77	1	2011	4	1
77	9	2011	4	21
77	1	2011	5	1
77	9	2011	5	20
77	10	2011	5	1
77	9	2011	6	12
78	1	2011	1	2
78	2	2011	1	1
78	3	2011	1	4
78	4	2011	1	1
78	5	2011	1	4
78	9	2011	1	77
78	10	2011	1	1
78	13	2011	1	2
78	1	2011	2	1
78	3	2011	2	8
78	4	2011	2	8
78	5	2011	2	2
78	9	2011	2	46
78	10	2011	2	2
78	13	2011	2	2
78	3	2011	3	7
78	4	2011	3	8
78	5	2011	3	5
78	8	2011	3	2
78	9	2011	3	44
78	13	2011	3	9
78	3	2011	4	6
78	4	2011	4	2
78	5	2011	4	2
78	9	2011	4	45
78	13	2011	4	1
78	1	2011	5	1
78	3	2011	5	6
78	4	2011	5	4
78	5	2011	5	3
78	6	2011	5	1
78	8	2011	5	2
78	9	2011	5	65
78	13	2011	5	5
78	1	2011	6	1
78	3	2011	6	5
78	4	2011	6	3
78	5	2011	6	3
78	8	2011	6	3
78	9	2011	6	88
78	10	2011	6	1
78	13	2011	6	5
79	1	2011	1	5
79	4	2011	1	2
79	8	2011	1	3
79	9	2011	1	56
79	13	2011	1	2
79	1	2011	2	2
79	3	2011	2	1
79	4	2011	2	2
79	8	2011	2	1
79	9	2011	2	27
79	13	2011	2	2
79	1	2011	3	4
79	3	2011	3	3
79	4	2011	3	2
79	5	2011	3	1
79	6	2011	3	2
79	8	2011	3	3
79	9	2011	3	48
79	13	2011	3	3
79	1	2011	4	3
79	3	2011	4	1
79	4	2011	4	1
79	5	2011	4	2
79	6	2011	4	1
79	8	2011	4	5
79	9	2011	4	35
79	10	2011	4	1
79	13	2011	4	4
79	1	2011	5	3
79	2	2011	5	1
79	3	2011	5	4
79	5	2011	5	3
79	8	2011	5	1
79	9	2011	5	39
79	13	2011	5	2
79	3	2011	6	2
79	5	2011	6	2
79	8	2011	6	4
79	9	2011	6	18
79	10	2011	6	1
79	13	2011	6	2
80	1	2011	1	9
80	3	2011	1	66
80	4	2011	1	25
80	5	2011	1	51
80	6	2011	1	2
80	8	2011	1	51
80	9	2011	1	392
80	10	2011	1	8
80	12	2011	1	60
80	13	2011	1	174
80	1	2011	2	8
80	3	2011	2	44
80	4	2011	2	20
80	5	2011	2	50
80	8	2011	2	51
80	9	2011	2	378
80	10	2011	2	8
80	12	2011	2	53
80	13	2011	2	142
80	1	2011	3	17
80	3	2011	3	66
80	4	2011	3	29
80	5	2011	3	49
80	8	2011	3	53
80	9	2011	3	468
80	10	2011	3	7
80	12	2011	3	68
80	13	2011	3	199
80	1	2011	4	20
80	3	2011	4	113
80	4	2011	4	23
80	5	2011	4	49
80	8	2011	4	50
80	9	2011	4	462
80	10	2011	4	7
80	12	2011	4	80
80	13	2011	4	152
85	5	2011	3	1
80	1	2011	5	19
80	3	2011	5	111
80	4	2011	5	33
80	5	2011	5	56
80	8	2011	5	60
80	9	2011	5	501
80	10	2011	5	5
80	12	2011	5	73
80	13	2011	5	180
80	1	2011	6	17
80	2	2011	6	1
80	3	2011	6	123
80	4	2011	6	29
80	5	2011	6	37
80	6	2011	6	1
80	8	2011	6	58
80	9	2011	6	435
80	10	2011	6	4
80	12	2011	6	74
80	13	2011	6	192
81	9	2011	3	2
81	1	2011	4	1
82	1	2011	1	1
82	9	2011	1	6
82	9	2011	3	5
82	9	2011	4	3
82	1	2011	6	1
82	9	2011	6	1
83	1	2011	1	2
83	2	2011	1	1
83	3	2011	1	31
83	4	2011	1	19
83	5	2011	1	13
83	6	2011	1	1
83	8	2011	1	8
83	9	2011	1	216
83	10	2011	1	2
83	12	2011	1	1
83	13	2011	1	18
83	1	2011	2	1
83	3	2011	2	26
83	4	2011	2	12
83	5	2011	2	14
83	8	2011	2	9
83	9	2011	2	191
83	10	2011	2	1
83	12	2011	2	2
83	13	2011	2	14
83	1	2011	3	1
83	2	2011	3	1
83	3	2011	3	8
83	4	2011	3	7
83	5	2011	3	15
83	6	2011	3	1
83	8	2011	3	7
83	9	2011	3	102
83	10	2011	3	3
83	12	2011	3	3
83	13	2011	3	27
83	3	2011	4	5
83	4	2011	4	6
83	5	2011	4	8
83	7	2011	4	1
83	8	2011	4	15
83	9	2011	4	114
83	10	2011	4	1
83	12	2011	4	2
83	13	2011	4	32
83	1	2011	5	2
83	3	2011	5	3
83	4	2011	5	3
83	5	2011	5	5
83	8	2011	5	22
83	9	2011	5	123
83	10	2011	5	2
83	12	2011	5	2
83	13	2011	5	14
83	1	2011	6	3
83	3	2011	6	3
83	4	2011	6	1
83	5	2011	6	4
83	6	2011	6	1
83	8	2011	6	6
83	9	2011	6	75
83	10	2011	6	3
83	12	2011	6	3
83	13	2011	6	17
84	9	2011	1	2
84	9	2011	2	6
84	1	2011	3	1
84	9	2011	3	3
84	9	2011	4	4
84	9	2011	5	2
84	9	2011	6	2
85	1	2011	1	2
85	4	2011	1	1
85	5	2011	1	2
85	6	2011	1	1
85	9	2011	1	21
85	12	2011	1	1
85	13	2011	1	1
85	3	2011	2	1
85	5	2011	2	1
85	9	2011	2	27
85	12	2011	2	1
85	13	2011	2	3
85	1	2011	3	2
85	3	2011	3	1
85	9	2011	3	21
85	13	2011	3	4
85	1	2011	4	3
85	5	2011	4	2
85	9	2011	4	25
85	12	2011	4	1
85	13	2011	4	1
85	1	2011	5	1
85	9	2011	5	22
85	13	2011	5	2
85	9	2011	6	14
85	13	2011	6	2
86	1	2011	1	1
86	3	2011	1	2
86	9	2011	1	13
86	13	2011	1	3
86	3	2011	2	1
86	4	2011	2	2
86	9	2011	2	8
86	12	2011	2	1
86	1	2011	3	1
86	3	2011	3	2
86	5	2011	3	1
86	9	2011	3	8
86	3	2011	4	2
86	4	2011	4	1
86	9	2011	4	7
86	12	2011	4	1
86	13	2011	4	4
86	3	2011	5	2
86	5	2011	5	1
86	9	2011	5	10
86	13	2011	5	1
86	1	2011	6	1
86	9	2011	6	4
87	5	2011	1	1
87	9	2011	1	2
87	5	2011	2	1
87	9	2011	2	2
87	9	2011	3	3
87	9	2011	4	3
88	1	2011	1	1
88	3	2011	1	1
88	4	2011	1	1
88	9	2011	1	3
88	3	2011	2	1
88	8	2011	2	1
88	9	2011	2	3
88	1	2011	3	1
88	8	2011	3	1
88	9	2011	3	6
88	3	2011	4	1
88	9	2011	4	1
88	9	2011	5	4
88	9	2011	6	8
88	13	2011	6	1
89	9	2011	1	2
89	3	2011	2	1
89	9	2011	2	1
89	3	2011	3	2
89	9	2011	3	3
89	9	2011	4	1
89	8	2011	5	1
89	9	2011	5	1
89	1	2011	6	1
90	1	2011	1	7
90	3	2011	1	2
90	4	2011	1	2
90	5	2011	1	12
90	6	2011	1	2
90	8	2011	1	7
90	9	2011	1	123
90	12	2011	1	1
90	13	2011	1	9
90	1	2011	2	5
90	3	2011	2	3
90	4	2011	2	1
90	5	2011	2	8
90	8	2011	2	4
90	9	2011	2	90
90	12	2011	2	1
90	13	2011	2	8
90	1	2011	3	8
90	3	2011	3	9
90	4	2011	3	1
90	5	2011	3	9
90	8	2011	3	16
90	9	2011	3	116
90	10	2011	3	1
90	12	2011	3	4
90	13	2011	3	11
90	1	2011	4	5
90	3	2011	4	7
90	4	2011	4	4
90	5	2011	4	3
90	8	2011	4	13
90	9	2011	4	130
90	12	2011	4	10
90	13	2011	4	10
90	1	2011	5	8
90	3	2011	5	4
90	4	2011	5	8
90	5	2011	5	9
90	8	2011	5	17
90	9	2011	5	105
90	10	2011	5	1
90	13	2011	5	17
90	1	2011	6	2
90	3	2011	6	6
90	4	2011	6	5
90	5	2011	6	7
90	6	2011	6	1
90	8	2011	6	8
90	9	2011	6	88
90	12	2011	6	1
90	13	2011	6	25
91	3	2011	1	1
91	5	2011	1	1
91	8	2011	1	3
91	9	2011	1	46
91	13	2011	1	1
91	1	2011	2	1
91	8	2011	2	3
91	9	2011	2	23
91	13	2011	2	1
91	5	2011	3	1
91	8	2011	3	2
91	9	2011	3	19
91	12	2011	3	2
91	13	2011	3	4
91	5	2011	4	3
91	8	2011	4	2
91	9	2011	4	15
91	12	2011	4	2
91	13	2011	4	2
91	1	2011	5	1
91	3	2011	5	1
91	4	2011	5	1
91	8	2011	5	3
91	9	2011	5	19
91	12	2011	5	3
91	13	2011	5	2
91	5	2011	6	1
91	8	2011	6	5
91	9	2011	6	17
91	13	2011	6	2
92	9	2011	3	2
92	9	2011	6	2
93	1	2011	1	1
93	4	2011	1	2
93	6	2011	1	1
93	9	2011	1	5
93	12	2011	1	1
93	1	2011	2	1
93	9	2011	2	5
93	12	2011	2	1
93	13	2011	2	1
93	3	2011	3	2
93	4	2011	3	1
93	5	2011	3	1
93	8	2011	3	1
93	9	2011	3	6
93	13	2011	3	1
93	5	2011	4	1
93	9	2011	4	2
93	2	2011	5	1
93	9	2011	5	4
93	5	2011	6	2
93	9	2011	6	5
93	12	2011	6	1
93	13	2011	6	2
94	9	2011	1	4
94	9	2011	2	1
94	9	2011	3	3
94	12	2011	3	1
94	9	2011	4	1
94	8	2011	6	1
94	9	2011	6	2
95	8	2011	1	1
95	9	2011	1	3
95	1	2011	2	1
95	9	2011	2	9
95	13	2011	2	2
95	9	2011	3	5
95	13	2011	3	1
95	5	2011	4	2
95	9	2011	4	7
95	9	2011	5	3
95	13	2011	5	1
95	1	2011	6	2
95	9	2011	6	6
95	13	2011	6	1
96	1	2011	1	30
96	2	2011	1	1
96	3	2011	1	16
96	4	2011	1	17
96	5	2011	1	50
96	6	2011	1	3
96	8	2011	1	170
96	9	2011	1	585
96	10	2011	1	17
96	12	2011	1	90
96	13	2011	1	226
96	1	2011	2	34
96	3	2011	2	23
96	4	2011	2	36
96	5	2011	2	51
96	6	2011	2	1
96	8	2011	2	126
96	9	2011	2	505
96	10	2011	2	4
96	11	2011	2	1
96	12	2011	2	49
96	13	2011	2	170
96	1	2011	3	20
96	3	2011	3	28
96	4	2011	3	28
96	5	2011	3	43
96	8	2011	3	163
96	9	2011	3	549
96	10	2011	3	8
96	12	2011	3	37
96	13	2011	3	224
96	1	2011	4	25
96	3	2011	4	16
96	4	2011	4	31
96	5	2011	4	41
96	6	2011	4	1
96	8	2011	4	161
96	9	2011	4	562
96	10	2011	4	3
96	12	2011	4	41
96	13	2011	4	230
96	1	2011	5	21
96	3	2011	5	29
96	4	2011	5	39
96	5	2011	5	36
96	6	2011	5	2
96	8	2011	5	168
96	9	2011	5	548
96	10	2011	5	6
96	12	2011	5	42
96	13	2011	5	228
96	1	2011	6	23
96	3	2011	6	16
96	4	2011	6	26
96	5	2011	6	38
96	6	2011	6	1
96	8	2011	6	119
96	9	2011	6	480
96	10	2011	6	5
96	12	2011	6	65
96	13	2011	6	244
97	9	2011	3	1
97	13	2011	3	1
97	9	2011	4	1
97	9	2011	6	3
98	9	2011	1	2
98	12	2011	1	1
98	9	2011	2	2
98	9	2011	3	2
98	9	2011	4	6
98	9	2011	5	9
98	4	2011	6	1
98	9	2011	6	2
99	9	2011	2	1
99	13	2011	2	1
99	1	2011	3	2
99	8	2011	3	1
99	9	2011	3	3
99	1	2011	4	1
99	8	2011	4	1
99	9	2011	4	2
99	1	2011	5	1
99	3	2011	5	1
99	5	2011	5	1
99	9	2011	5	2
99	8	2011	6	1
99	9	2011	6	1
100	9	2011	1	2
100	1	2011	2	1
100	9	2011	2	2
100	9	2011	3	1
100	1	2011	4	1
100	9	2011	4	1
100	9	2011	5	1
101	1	2011	1	1
101	9	2011	1	8
101	13	2011	1	2
101	1	2011	2	1
101	9	2011	2	6
101	10	2011	2	1
101	1	2011	3	2
101	8	2011	3	1
101	9	2011	3	11
101	8	2011	4	2
101	9	2011	4	10
101	8	2011	5	2
101	9	2011	5	11
101	4	2011	6	2
101	8	2011	6	4
101	9	2011	6	9
101	10	2011	6	1
102	1	2011	1	3
102	3	2011	1	1
102	4	2011	1	1
102	5	2011	1	1
102	9	2011	1	8
102	1	2011	2	1
102	3	2011	2	1
102	4	2011	2	1
102	5	2011	2	2
102	8	2011	2	1
102	9	2011	2	5
102	1	2011	3	1
102	3	2011	3	2
102	5	2011	3	3
102	9	2011	3	8
102	3	2011	4	1
102	5	2011	4	1
102	9	2011	4	10
102	3	2011	5	1
102	9	2011	5	12
102	13	2011	5	1
102	3	2011	6	1
102	8	2011	6	1
102	9	2011	6	3
103	1	2011	1	1
103	8	2011	1	2
103	9	2011	1	7
103	8	2011	2	1
103	9	2011	2	7
103	13	2011	2	1
103	1	2011	3	1
103	5	2011	3	1
103	9	2011	3	4
103	1	2011	4	1
103	5	2011	4	1
103	9	2011	4	6
103	13	2011	4	1
103	1	2011	5	1
103	9	2011	5	4
103	3	2011	6	1
103	9	2011	6	11
104	1	2011	1	3
104	3	2011	1	4
104	4	2011	1	2
104	5	2011	1	2
104	8	2011	1	2
104	9	2011	1	23
104	13	2011	1	4
104	3	2011	2	1
104	4	2011	2	4
104	5	2011	2	2
104	8	2011	2	1
104	9	2011	2	19
104	13	2011	2	2
104	1	2011	3	1
104	3	2011	3	8
104	4	2011	3	6
104	9	2011	3	21
104	10	2011	3	1
104	13	2011	3	3
104	1	2011	4	2
104	3	2011	4	10
104	4	2011	4	4
104	5	2011	4	2
104	9	2011	4	17
104	13	2011	4	5
104	1	2011	5	3
104	3	2011	5	14
104	4	2011	5	9
104	8	2011	5	1
104	9	2011	5	28
104	10	2011	5	2
104	13	2011	5	5
104	3	2011	6	5
104	4	2011	6	4
104	5	2011	6	1
104	9	2011	6	25
104	13	2011	6	2
105	9	2011	1	2
105	5	2011	2	1
105	9	2011	2	1
105	9	2011	4	1
105	9	2011	5	4
105	5	2011	6	1
105	9	2011	6	1
106	9	2011	1	4
106	9	2011	2	3
106	9	2011	3	3
106	9	2011	5	3
106	9	2011	6	4
107	5	2011	1	3
107	8	2011	1	2
107	9	2011	1	16
107	5	2011	2	1
107	9	2011	2	8
107	1	2011	3	1
107	5	2011	3	3
107	8	2011	3	2
107	9	2011	3	19
107	5	2011	4	2
107	8	2011	4	2
107	9	2011	4	20
107	1	2011	5	1
107	9	2011	5	23
107	13	2011	5	1
107	9	2011	6	23
107	13	2011	6	1
108	8	2011	1	1
108	9	2011	1	3
108	1	2011	2	1
108	9	2011	2	5
108	9	2011	3	1
108	9	2011	4	6
108	13	2011	4	1
108	9	2011	5	3
108	9	2011	6	4
109	1	2011	1	3
109	3	2011	1	14
109	4	2011	1	2
109	5	2011	1	6
109	8	2011	1	15
109	9	2011	1	86
109	12	2011	1	1
109	13	2011	1	7
109	1	2011	2	2
109	3	2011	2	11
109	4	2011	2	2
109	5	2011	2	2
109	8	2011	2	1
109	9	2011	2	85
109	13	2011	2	5
109	1	2011	3	1
109	3	2011	3	5
109	4	2011	3	4
109	5	2011	3	4
109	8	2011	3	5
109	9	2011	3	95
109	10	2011	3	1
109	13	2011	3	4
109	3	2011	4	2
109	4	2011	4	4
109	5	2011	4	3
109	8	2011	4	1
109	9	2011	4	67
109	10	2011	4	1
109	13	2011	4	2
109	3	2011	5	4
109	4	2011	5	1
109	8	2011	5	5
109	9	2011	5	79
109	13	2011	5	1
109	4	2011	6	1
109	5	2011	6	1
109	8	2011	6	1
109	9	2011	6	60
109	13	2011	6	3
110	8	2011	1	1
110	9	2011	1	4
110	1	2011	2	1
110	5	2011	2	1
110	9	2011	2	4
110	1	2011	3	2
110	9	2011	3	6
110	5	2011	4	2
110	9	2011	4	12
110	9	2011	5	7
110	1	2011	6	1
110	9	2011	6	3
111	9	2011	1	5
111	9	2011	2	2
111	9	2011	3	3
111	5	2011	4	1
111	9	2011	5	3
111	13	2011	5	1
111	9	2011	6	2
111	13	2011	6	1
112	5	2011	3	1
112	9	2011	3	1
112	9	2011	6	4
113	1	2011	1	1
113	5	2011	1	1
113	9	2011	1	6
113	13	2011	1	2
113	9	2011	2	10
113	9	2011	3	6
113	13	2011	3	1
113	1	2011	4	2
113	5	2011	4	2
113	9	2011	4	6
113	1	2011	5	1
113	9	2011	5	2
113	5	2011	6	1
113	9	2011	6	2
114	9	2011	1	4
114	1	2011	2	1
114	8	2011	2	1
114	9	2011	2	3
114	1	2011	3	1
114	9	2011	3	3
114	1	2011	4	1
114	3	2011	4	1
114	4	2011	4	1
114	5	2011	4	1
114	9	2011	4	3
114	9	2011	5	6
114	13	2011	5	1
114	3	2011	6	1
114	9	2011	6	3
115	9	2011	2	1
115	9	2011	4	2
115	13	2011	6	1
116	9	2011	2	5
116	9	2011	3	1
116	9	2011	4	1
117	1	2011	1	1
117	9	2011	1	3
117	1	2011	2	1
117	5	2011	2	1
117	9	2011	3	5
117	9	2011	4	1
117	9	2011	6	1
118	1	2011	1	1
118	3	2011	1	1
118	5	2011	1	1
118	9	2011	1	13
118	1	2011	2	2
118	4	2011	2	1
118	5	2011	2	1
118	9	2011	2	9
118	2	2011	3	1
118	5	2011	3	1
118	9	2011	3	7
118	9	2011	4	10
118	3	2011	5	1
118	9	2011	5	10
118	9	2011	6	12
118	13	2011	6	1
119	9	2011	1	1
119	9	2011	3	6
119	5	2011	5	1
119	9	2011	5	1
119	8	2011	6	1
119	9	2011	6	2
120	1	2011	1	1
120	9	2011	1	5
120	9	2011	2	4
120	13	2011	2	1
120	1	2011	3	1
120	5	2011	3	2
120	9	2011	3	3
120	9	2011	5	5
120	1	2011	6	1
120	9	2011	6	2
121	3	2011	1	2
121	5	2011	1	1
121	9	2011	1	2
121	13	2011	1	1
121	1	2011	2	1
121	9	2011	2	1
121	13	2011	2	1
121	1	2011	3	2
121	9	2011	3	1
121	1	2011	4	1
121	9	2011	4	3
121	2	2011	5	1
121	9	2011	6	3
122	9	2011	1	7
122	1	2011	2	2
122	9	2011	2	6
122	13	2011	2	1
122	3	2011	3	1
122	8	2011	3	1
122	9	2011	3	15
122	12	2011	3	1
122	1	2011	4	1
122	4	2011	4	2
122	5	2011	4	4
122	9	2011	4	9
122	1	2011	5	2
122	9	2011	5	13
122	13	2011	5	1
122	5	2011	6	1
122	8	2011	6	1
122	9	2011	6	3
123	5	2011	1	2
123	9	2011	1	2
123	1	2011	2	2
123	9	2011	2	5
123	1	2011	3	1
123	9	2011	3	2
123	13	2011	3	1
123	9	2011	4	7
123	9	2011	5	5
123	9	2011	6	5
124	9	2011	3	1
124	9	2011	4	1
125	1	2011	1	8
125	3	2011	1	4
125	4	2011	1	1
125	5	2011	1	6
125	8	2011	1	2
125	9	2011	1	114
125	12	2011	1	2
125	13	2011	1	13
125	1	2011	2	9
125	4	2011	2	7
125	5	2011	2	4
125	8	2011	2	12
125	9	2011	2	111
125	10	2011	2	2
125	12	2011	2	1
125	13	2011	2	29
125	1	2011	3	1
125	3	2011	3	2
125	4	2011	3	3
125	5	2011	3	13
125	6	2011	3	1
125	8	2011	3	13
125	9	2011	3	70
125	10	2011	3	1
125	13	2011	3	18
125	1	2011	4	9
125	3	2011	4	7
125	4	2011	4	1
125	5	2011	4	7
125	6	2011	4	1
125	8	2011	4	6
125	9	2011	4	81
125	10	2011	4	2
125	12	2011	4	2
125	13	2011	4	15
125	1	2011	5	5
125	3	2011	5	5
125	4	2011	5	6
125	5	2011	5	6
125	8	2011	5	7
125	9	2011	5	102
125	10	2011	5	3
125	13	2011	5	16
125	1	2011	6	3
125	3	2011	6	9
125	4	2011	6	6
125	5	2011	6	1
125	8	2011	6	7
125	9	2011	6	116
125	10	2011	6	1
125	12	2011	6	1
125	13	2011	6	16
126	9	2011	2	1
126	9	2011	3	1
127	3	2011	1	1
127	5	2011	1	1
127	8	2011	1	1
127	9	2011	1	14
127	12	2011	1	1
127	13	2011	1	5
127	1	2011	2	2
127	4	2011	2	3
127	5	2011	2	4
127	9	2011	2	22
127	1	2011	3	1
127	5	2011	3	2
127	9	2011	3	18
127	10	2011	3	1
127	13	2011	3	1
127	1	2011	4	1
127	4	2011	4	1
127	9	2011	4	10
127	4	2011	5	1
127	9	2011	5	9
127	13	2011	5	3
127	1	2011	6	1
127	5	2011	6	1
127	8	2011	6	1
127	9	2011	6	17
127	13	2011	6	2
128	9	2011	1	2
128	9	2011	2	2
128	9	2011	3	1
128	13	2011	3	1
128	9	2011	4	2
128	12	2011	4	1
128	8	2011	5	1
128	9	2011	5	1
129	9	2011	1	2
129	9	2011	2	1
129	9	2011	3	2
129	1	2011	4	2
129	5	2011	4	1
129	9	2011	4	2
129	9	2011	5	2
129	1	2011	6	1
129	9	2011	6	6
130	9	2011	2	3
130	9	2011	3	3
130	9	2011	4	2
130	9	2011	5	3
130	9	2011	6	1
131	9	2011	1	1
131	9	2011	2	1
131	9	2011	4	3
131	1	2011	5	1
131	9	2011	5	2
131	1	2011	6	1
131	9	2011	6	4
132	5	2011	1	1
132	8	2011	1	8
132	9	2011	1	19
132	12	2011	1	2
132	13	2011	1	4
132	5	2011	2	2
132	8	2011	2	6
132	9	2011	2	12
132	12	2011	2	1
132	13	2011	2	5
132	1	2011	3	2
132	3	2011	3	1
132	5	2011	3	1
132	8	2011	3	4
132	9	2011	3	19
132	13	2011	3	4
132	3	2011	4	1
132	5	2011	4	4
132	8	2011	4	2
132	9	2011	4	17
132	12	2011	4	1
132	13	2011	4	2
132	1	2011	5	1
132	5	2011	5	2
132	6	2011	5	1
132	8	2011	5	11
132	9	2011	5	32
132	12	2011	5	2
132	13	2011	5	4
132	3	2011	6	4
132	5	2011	6	2
132	8	2011	6	5
132	9	2011	6	9
132	13	2011	6	2
133	9	2011	1	1
133	9	2011	2	2
133	9	2011	4	2
133	9	2011	5	3
133	9	2011	6	1
134	1	2011	1	2
134	9	2011	2	3
134	13	2011	2	2
134	1	2011	3	1
134	9	2011	4	1
134	5	2011	5	1
134	13	2011	5	1
135	1	2011	1	2
135	3	2011	1	1
135	9	2011	1	9
135	1	2011	2	1
135	9	2011	2	6
135	12	2011	2	1
135	13	2011	2	1
135	1	2011	3	2
135	4	2011	3	1
135	9	2011	3	9
135	13	2011	3	2
135	1	2011	4	2
135	8	2011	4	2
135	9	2011	4	11
135	1	2011	5	2
135	9	2011	5	11
135	13	2011	5	1
135	5	2011	6	1
135	9	2011	6	2
136	1	2011	1	3
136	3	2011	1	3
136	4	2011	1	1
136	5	2011	1	2
136	9	2011	1	32
136	13	2011	1	2
136	1	2011	2	1
136	3	2011	2	7
136	4	2011	2	1
136	5	2011	2	3
136	9	2011	2	37
136	10	2011	2	1
136	13	2011	2	1
136	1	2011	3	6
136	3	2011	3	1
136	5	2011	3	8
136	8	2011	3	1
136	9	2011	3	34
136	13	2011	3	2
136	1	2011	4	9
136	2	2011	4	1
136	3	2011	4	2
136	5	2011	4	4
136	8	2011	4	1
136	9	2011	4	41
136	13	2011	4	7
136	1	2011	5	4
136	3	2011	5	6
136	4	2011	5	1
136	8	2011	5	1
136	9	2011	5	35
136	13	2011	5	2
136	1	2011	6	1
136	3	2011	6	4
136	4	2011	6	2
136	5	2011	6	4
136	8	2011	6	1
136	9	2011	6	28
136	13	2011	6	1
137	9	2011	3	3
137	8	2011	4	1
137	9	2011	4	1
137	9	2011	5	3
137	9	2011	6	4
138	9	2011	1	7
138	8	2011	2	1
138	9	2011	2	5
138	9	2011	3	1
138	9	2011	4	4
138	9	2011	5	1
138	8	2011	6	1
138	9	2011	6	6
139	9	2011	1	3
139	9	2011	2	1
139	9	2011	3	2
139	9	2011	4	2
139	1	2011	6	1
139	9	2011	6	2
140	9	2011	1	2
140	9	2011	2	7
140	9	2011	3	7
140	9	2011	4	4
140	9	2011	5	5
140	9	2011	6	6
141	3	2011	1	4
141	4	2011	1	1
141	5	2011	1	1
141	8	2011	1	1
141	9	2011	1	69
141	10	2011	1	1
141	13	2011	1	5
141	1	2011	2	1
141	3	2011	2	3
141	4	2011	2	1
141	5	2011	2	1
141	8	2011	2	2
141	9	2011	2	51
141	10	2011	2	2
141	12	2011	2	3
141	13	2011	2	10
141	1	2011	3	1
141	3	2011	3	5
141	4	2011	3	2
141	5	2011	3	1
141	9	2011	3	46
141	13	2011	3	9
151	9	2011	3	4
141	1	2011	4	6
141	3	2011	4	3
141	4	2011	4	2
141	5	2011	4	4
141	9	2011	4	35
141	12	2011	4	1
141	13	2011	4	18
141	1	2011	5	1
141	3	2011	5	1
141	5	2011	5	2
141	8	2011	5	1
141	9	2011	5	45
141	10	2011	5	1
141	12	2011	5	2
141	13	2011	5	16
141	3	2011	6	2
141	4	2011	6	1
141	5	2011	6	2
141	8	2011	6	1
141	9	2011	6	43
141	12	2011	6	3
141	13	2011	6	7
142	3	2011	1	1
142	8	2011	1	1
142	9	2011	1	21
142	12	2011	1	1
142	3	2011	2	4
142	4	2011	2	1
142	5	2011	2	2
142	9	2011	2	26
142	12	2011	2	1
142	13	2011	2	4
142	3	2011	3	3
142	4	2011	3	6
142	5	2011	3	1
142	8	2011	3	1
142	9	2011	3	26
142	13	2011	3	4
142	3	2011	4	4
142	4	2011	4	1
142	5	2011	4	3
142	8	2011	4	4
142	9	2011	4	34
142	1	2011	5	4
142	3	2011	5	3
142	4	2011	5	1
142	5	2011	5	6
142	9	2011	5	15
142	10	2011	5	1
142	7	2011	6	1
142	8	2011	6	4
142	9	2011	6	24
142	13	2011	6	1
143	1	2011	1	1
143	5	2011	1	2
143	8	2011	1	2
143	9	2011	1	49
143	10	2011	1	1
143	13	2011	1	4
143	1	2011	2	5
143	3	2011	2	2
143	5	2011	2	4
143	6	2011	2	1
143	8	2011	2	2
143	9	2011	2	19
143	13	2011	2	3
143	1	2011	3	1
143	3	2011	3	1
143	5	2011	3	3
143	8	2011	3	1
143	9	2011	3	29
143	10	2011	3	2
143	12	2011	3	1
143	13	2011	3	9
143	1	2011	4	3
143	5	2011	4	3
143	6	2011	4	1
143	9	2011	4	36
143	12	2011	4	1
143	13	2011	4	4
143	4	2011	5	1
143	5	2011	5	3
143	8	2011	5	1
143	9	2011	5	34
143	13	2011	5	4
143	1	2011	6	2
143	4	2011	6	2
143	8	2011	6	2
143	9	2011	6	21
143	13	2011	6	2
144	9	2011	1	1
144	1	2011	2	1
144	1	2011	5	1
144	9	2011	6	1
145	9	2011	1	6
145	13	2011	1	3
145	5	2011	2	1
145	9	2011	2	3
145	9	2011	3	10
145	9	2011	4	3
145	13	2011	4	1
145	9	2011	5	4
145	1	2011	6	1
145	9	2011	6	6
146	8	2011	1	1
146	9	2011	1	4
146	13	2011	1	1
146	1	2011	2	1
146	9	2011	2	4
146	1	2011	3	1
146	9	2011	3	2
146	1	2011	4	1
146	8	2011	4	1
146	9	2011	4	6
146	9	2011	5	2
146	1	2011	6	1
146	9	2011	6	1
147	9	2011	1	5
147	9	2011	2	1
147	9	2011	3	2
147	9	2011	4	3
147	9	2011	5	7
147	9	2011	6	2
148	1	2011	1	15
148	2	2011	1	1
148	3	2011	1	16
148	4	2011	1	6
148	5	2011	1	6
148	6	2011	1	2
148	8	2011	1	22
148	9	2011	1	121
148	10	2011	1	2
148	12	2011	1	1
148	13	2011	1	15
148	1	2011	2	12
148	3	2011	2	4
148	4	2011	2	5
148	5	2011	2	13
148	8	2011	2	17
148	9	2011	2	101
148	13	2011	2	18
148	1	2011	3	22
148	2	2011	3	1
148	3	2011	3	12
148	4	2011	3	7
148	5	2011	3	3
148	6	2011	3	2
148	8	2011	3	12
148	9	2011	3	120
148	10	2011	3	2
148	13	2011	3	12
148	1	2011	4	18
148	3	2011	4	11
148	4	2011	4	6
148	5	2011	4	13
148	6	2011	4	2
148	8	2011	4	14
148	9	2011	4	113
148	10	2011	4	4
148	13	2011	4	15
148	1	2011	5	23
148	2	2011	5	1
148	3	2011	5	21
148	4	2011	5	10
148	5	2011	5	10
148	6	2011	5	1
148	8	2011	5	7
148	9	2011	5	127
148	12	2011	5	1
148	13	2011	5	19
148	1	2011	6	11
148	3	2011	6	13
148	4	2011	6	9
148	5	2011	6	7
148	6	2011	6	1
148	8	2011	6	6
148	9	2011	6	75
148	10	2011	6	2
148	12	2011	6	1
148	13	2011	6	15
149	5	2011	1	1
149	8	2011	1	1
149	9	2011	1	4
149	1	2011	2	1
149	9	2011	2	8
149	1	2011	3	1
149	9	2011	3	5
149	8	2011	4	1
149	9	2011	4	2
149	13	2011	4	1
149	9	2011	5	2
149	8	2011	6	1
149	12	2011	6	2
150	8	2011	1	1
150	9	2011	1	1
150	1	2011	3	2
150	9	2011	3	2
150	8	2011	4	1
150	1	2011	5	1
150	9	2011	5	1
150	1	2011	6	1
150	9	2011	6	3
151	9	2011	1	6
151	1	2011	2	1
151	4	2011	2	1
151	9	2011	2	4
151	4	2011	3	2
151	1	2011	4	1
151	9	2011	4	5
151	10	2011	4	1
151	9	2011	5	5
151	13	2011	5	1
151	8	2011	6	1
151	9	2011	6	4
152	5	2011	1	2
152	9	2011	1	10
152	5	2011	2	1
152	9	2011	2	4
152	9	2011	3	2
152	1	2011	4	1
152	9	2011	4	2
152	1	2011	5	1
152	9	2011	5	4
152	13	2011	5	1
152	9	2011	6	4
153	9	2011	2	2
153	1	2011	3	1
153	9	2011	4	1
153	1	2011	5	1
153	9	2011	5	1
154	1	2011	1	1
154	3	2011	1	1
154	5	2011	1	1
154	9	2011	1	6
154	13	2011	1	1
154	1	2011	2	2
154	9	2011	2	19
154	1	2011	3	1
154	3	2011	3	1
154	5	2011	3	2
154	8	2011	3	3
154	9	2011	3	9
154	13	2011	4	1
154	1	2011	5	1
154	3	2011	5	1
154	4	2011	5	1
154	5	2011	5	2
154	9	2011	5	10
154	1	2011	6	2
154	8	2011	6	2
154	9	2011	6	7
154	13	2011	6	1
155	4	2011	1	1
155	9	2011	1	10
155	9	2011	2	6
155	1	2011	3	1
155	5	2011	3	1
155	9	2011	3	2
155	13	2011	3	1
155	4	2011	4	1
155	9	2011	4	3
155	9	2011	5	3
155	3	2011	6	1
155	9	2011	6	3
156	3	2011	1	1
156	8	2011	1	9
156	9	2011	1	49
156	12	2011	1	6
156	13	2011	1	13
156	3	2011	2	2
156	4	2011	2	1
156	5	2011	2	3
156	8	2011	2	1
156	9	2011	2	31
156	12	2011	2	4
156	13	2011	2	6
156	3	2011	3	1
156	4	2011	3	2
156	5	2011	3	5
156	8	2011	3	10
156	9	2011	3	30
156	12	2011	3	6
156	13	2011	3	10
156	1	2011	4	1
156	3	2011	4	5
156	4	2011	4	1
156	5	2011	4	2
156	8	2011	4	4
156	9	2011	4	32
156	13	2011	4	9
156	3	2011	5	3
156	5	2011	5	3
156	6	2011	5	2
156	8	2011	5	13
156	9	2011	5	26
156	12	2011	5	5
156	13	2011	5	2
156	1	2011	6	2
156	3	2011	6	5
156	5	2011	6	2
156	8	2011	6	8
156	9	2011	6	40
156	12	2011	6	6
156	13	2011	6	11
157	1	2011	1	4
157	3	2011	1	22
157	4	2011	1	2
157	5	2011	1	10
157	8	2011	1	20
157	9	2011	1	145
157	10	2011	1	1
157	12	2011	1	7
157	13	2011	1	65
157	1	2011	2	2
157	2	2011	2	1
157	3	2011	2	16
157	4	2011	2	1
157	5	2011	2	6
157	8	2011	2	15
157	9	2011	2	131
157	10	2011	2	1
157	12	2011	2	5
157	13	2011	2	66
157	1	2011	3	4
157	2	2011	3	1
157	3	2011	3	25
157	4	2011	3	1
157	5	2011	3	11
157	8	2011	3	13
157	9	2011	3	161
157	10	2011	3	1
157	12	2011	3	8
157	13	2011	3	81
157	1	2011	4	1
157	3	2011	4	28
157	4	2011	4	2
157	5	2011	4	4
157	8	2011	4	13
157	9	2011	4	145
157	12	2011	4	3
157	13	2011	4	63
157	1	2011	5	5
157	3	2011	5	32
157	4	2011	5	10
157	5	2011	5	6
157	8	2011	5	7
157	9	2011	5	171
157	11	2011	5	1
157	12	2011	5	13
157	13	2011	5	62
157	1	2011	6	4
157	3	2011	6	3
157	4	2011	6	3
157	5	2011	6	8
157	8	2011	6	16
157	9	2011	6	127
157	12	2011	6	7
157	13	2011	6	78
158	1	2011	1	1
158	3	2011	1	7
158	5	2011	1	6
158	8	2011	1	5
158	9	2011	1	44
158	12	2011	1	1
158	13	2011	1	8
158	3	2011	2	10
158	5	2011	2	1
158	8	2011	2	8
158	9	2011	2	63
158	12	2011	2	2
158	13	2011	2	7
158	1	2011	3	1
158	3	2011	3	11
158	5	2011	3	3
158	8	2011	3	9
158	9	2011	3	33
158	10	2011	3	1
158	13	2011	3	10
158	3	2011	4	16
158	4	2011	4	1
158	5	2011	4	2
158	8	2011	4	4
158	9	2011	4	44
158	13	2011	4	8
158	1	2011	5	2
158	3	2011	5	12
158	4	2011	5	2
158	5	2011	5	2
158	8	2011	5	3
158	9	2011	5	27
158	13	2011	5	6
158	3	2011	6	6
158	4	2011	6	1
158	9	2011	6	42
158	13	2011	6	6
159	9	2011	1	1
159	9	2011	2	1
159	9	2011	3	2
159	9	2011	4	2
160	1	2011	1	1
160	9	2011	1	2
160	9	2011	2	5
160	9	2011	3	2
160	1	2011	4	1
160	9	2011	4	1
160	9	2011	5	2
160	9	2011	6	2
161	9	2011	1	2
161	9	2011	3	2
161	9	2011	4	2
161	9	2011	5	1
161	9	2011	6	3
162	1	2011	1	1
162	3	2011	1	3
162	4	2011	1	1
162	5	2011	1	11
162	8	2011	1	5
162	9	2011	1	108
162	10	2011	1	1
162	12	2011	1	10
162	13	2011	1	26
184	9	2011	1	4
162	1	2011	2	3
162	3	2011	2	7
162	4	2011	2	5
162	5	2011	2	10
162	6	2011	2	1
162	8	2011	2	5
162	9	2011	2	80
162	12	2011	2	11
162	13	2011	2	10
162	1	2011	3	2
162	3	2011	3	7
162	4	2011	3	1
162	5	2011	3	5
162	6	2011	3	2
162	8	2011	3	2
162	9	2011	3	82
162	10	2011	3	1
162	12	2011	3	9
162	13	2011	3	12
162	1	2011	4	2
162	2	2011	4	1
162	3	2011	4	2
162	4	2011	4	3
162	5	2011	4	1
162	8	2011	4	5
162	9	2011	4	83
162	12	2011	4	3
162	13	2011	4	15
162	1	2011	5	3
162	3	2011	5	3
162	4	2011	5	4
162	5	2011	5	1
162	8	2011	5	13
162	9	2011	5	75
162	10	2011	5	3
162	12	2011	5	5
162	13	2011	5	23
162	1	2011	6	3
162	3	2011	6	4
162	4	2011	6	2
162	8	2011	6	6
162	9	2011	6	90
162	10	2011	6	1
162	12	2011	6	2
162	13	2011	6	13
163	9	2011	1	2
163	10	2011	1	1
163	13	2011	1	2
163	4	2011	2	1
163	5	2011	2	1
163	9	2011	2	5
163	4	2011	3	1
163	9	2011	3	6
163	13	2011	3	1
163	1	2011	4	1
163	4	2011	4	1
163	5	2011	4	1
163	8	2011	4	1
163	9	2011	4	7
163	1	2011	5	2
163	9	2011	5	10
163	8	2011	6	1
163	9	2011	6	10
164	9	2011	1	1
164	9	2011	2	1
164	9	2011	3	2
164	9	2011	6	1
165	9	2011	1	3
165	10	2011	1	1
165	4	2011	2	1
165	9	2011	2	2
165	9	2011	3	2
165	13	2011	3	1
165	9	2011	4	1
165	3	2011	5	1
165	9	2011	5	13
165	13	2011	5	1
165	9	2011	6	5
166	3	2011	1	1
166	8	2011	1	1
166	9	2011	1	9
166	5	2011	2	1
166	9	2011	2	5
166	3	2011	3	3
166	8	2011	3	1
166	9	2011	3	9
166	13	2011	3	1
166	3	2011	4	3
166	4	2011	4	1
166	5	2011	4	3
166	9	2011	4	10
166	12	2011	4	1
166	3	2011	5	4
166	8	2011	5	1
166	9	2011	5	15
166	12	2011	5	1
166	3	2011	6	1
166	5	2011	6	1
166	8	2011	6	1
166	9	2011	6	3
167	3	2011	1	1
167	4	2011	1	1
167	5	2011	1	3
167	9	2011	1	19
167	13	2011	1	7
167	1	2011	2	1
167	5	2011	2	3
167	8	2011	2	3
167	9	2011	2	35
167	13	2011	2	3
167	3	2011	3	3
167	4	2011	3	1
167	5	2011	3	2
167	8	2011	3	2
167	9	2011	3	25
167	12	2011	3	2
167	13	2011	3	6
167	1	2011	4	2
167	3	2011	4	1
167	8	2011	4	2
167	9	2011	4	17
167	12	2011	4	3
167	13	2011	4	3
167	1	2011	5	3
167	3	2011	5	1
167	4	2011	5	1
167	5	2011	5	1
167	8	2011	5	4
167	9	2011	5	19
167	12	2011	5	2
167	13	2011	5	4
167	1	2011	6	1
167	5	2011	6	2
167	8	2011	6	4
167	9	2011	6	12
167	13	2011	6	2
168	9	2011	2	1
168	5	2011	3	1
168	9	2011	3	1
168	9	2011	5	2
168	9	2011	6	2
169	8	2011	1	2
169	9	2011	1	7
169	13	2011	1	1
169	8	2011	2	1
169	9	2011	2	7
169	13	2011	2	1
169	1	2011	3	2
169	8	2011	3	1
169	9	2011	3	14
169	13	2011	3	1
169	1	2011	4	1
169	5	2011	4	1
169	8	2011	4	1
169	9	2011	4	8
169	13	2011	4	1
169	1	2011	5	1
169	8	2011	5	1
169	9	2011	5	9
169	1	2011	6	2
169	5	2011	6	3
169	9	2011	6	8
170	5	2011	1	2
170	8	2011	1	1
170	9	2011	1	8
170	1	2011	2	1
170	5	2011	2	1
170	9	2011	2	5
170	5	2011	3	3
170	9	2011	3	6
170	13	2011	3	1
170	1	2011	4	1
170	9	2011	4	6
170	9	2011	5	11
170	13	2011	5	1
170	1	2011	6	3
170	4	2011	6	1
170	5	2011	6	1
170	9	2011	6	5
171	9	2011	1	1
171	1	2011	3	3
171	9	2011	4	3
172	9	2011	1	5
172	8	2011	2	1
172	9	2011	2	6
172	1	2011	3	1
172	8	2011	3	1
172	9	2011	3	4
172	9	2011	4	6
172	9	2011	5	1
172	9	2011	6	2
173	1	2011	1	3
173	3	2011	1	5
173	5	2011	1	4
173	8	2011	1	2
173	9	2011	1	33
173	13	2011	1	6
173	1	2011	2	2
173	3	2011	2	10
173	4	2011	2	2
173	5	2011	2	2
173	9	2011	2	25
173	13	2011	2	4
173	1	2011	3	1
173	3	2011	3	11
173	4	2011	3	2
173	5	2011	3	1
173	8	2011	3	1
173	9	2011	3	35
173	13	2011	3	2
173	1	2011	4	1
173	3	2011	4	2
173	5	2011	4	3
173	8	2011	4	1
173	9	2011	4	34
173	1	2011	5	4
173	3	2011	5	4
173	5	2011	5	3
173	8	2011	5	1
173	9	2011	5	25
173	13	2011	5	2
173	1	2011	6	1
173	3	2011	6	3
173	8	2011	6	3
173	9	2011	6	26
173	10	2011	6	1
173	13	2011	6	4
174	1	2011	1	1
174	3	2011	1	2
174	5	2011	1	7
174	8	2011	1	4
174	9	2011	1	22
174	12	2011	1	4
174	13	2011	1	5
174	3	2011	2	1
174	8	2011	2	2
174	9	2011	2	18
174	12	2011	2	4
174	13	2011	2	2
174	1	2011	3	1
174	4	2011	3	1
174	5	2011	3	1
174	8	2011	3	4
174	9	2011	3	28
174	12	2011	3	2
174	13	2011	3	10
174	1	2011	4	1
174	5	2011	4	2
174	8	2011	4	2
174	9	2011	4	22
174	12	2011	4	3
174	13	2011	4	4
174	3	2011	5	1
174	5	2011	5	2
174	8	2011	5	4
174	9	2011	5	31
174	12	2011	5	2
174	13	2011	5	11
174	3	2011	6	3
174	8	2011	6	4
174	9	2011	6	50
174	12	2011	6	2
174	13	2011	6	2
175	8	2011	1	1
175	9	2011	1	5
175	9	2011	2	7
175	1	2011	3	1
175	9	2011	3	7
175	1	2011	4	1
175	9	2011	4	6
175	1	2011	5	2
175	3	2011	5	1
175	9	2011	5	7
176	5	2011	1	2
176	9	2011	1	5
176	5	2011	2	1
176	6	2011	2	2
176	9	2011	2	1
176	13	2011	2	1
176	3	2011	3	1
176	9	2011	3	4
176	9	2011	4	4
176	3	2011	5	1
176	9	2011	5	6
176	9	2011	6	4
177	8	2011	1	1
177	9	2011	1	12
177	9	2011	2	11
177	13	2011	2	1
177	5	2011	3	1
177	9	2011	3	4
177	1	2011	4	1
177	5	2011	4	1
177	9	2011	4	9
177	13	2011	4	1
177	1	2011	5	2
177	5	2011	5	2
177	9	2011	5	6
177	9	2011	6	5
177	13	2011	6	1
178	9	2011	3	2
178	9	2011	4	3
178	9	2011	6	3
179	1	2011	1	1
179	3	2011	1	2
179	4	2011	1	4
179	5	2011	1	2
179	9	2011	1	27
179	1	2011	2	1
179	5	2011	2	2
193	9	2011	4	12
179	8	2011	2	1
179	9	2011	2	26
179	12	2011	2	1
179	3	2011	3	1
179	4	2011	3	1
179	5	2011	3	1
179	8	2011	3	1
179	9	2011	3	16
179	10	2011	3	1
179	13	2011	3	2
179	1	2011	4	2
179	3	2011	4	3
179	4	2011	4	3
179	5	2011	4	1
179	8	2011	4	1
179	9	2011	4	14
179	13	2011	4	1
179	1	2011	5	2
179	3	2011	5	2
179	4	2011	5	1
179	5	2011	5	1
179	8	2011	5	1
179	9	2011	5	11
179	12	2011	5	1
179	3	2011	6	1
179	4	2011	6	1
179	8	2011	6	3
179	9	2011	6	18
180	1	2011	1	1
180	5	2011	1	1
180	9	2011	1	6
180	13	2011	1	1
180	1	2011	2	1
180	3	2011	2	1
180	4	2011	2	2
180	5	2011	2	1
180	9	2011	2	9
180	1	2011	3	2
180	3	2011	3	1
180	5	2011	3	1
180	8	2011	3	1
180	9	2011	3	13
180	13	2011	3	2
180	4	2011	4	1
180	9	2011	4	13
180	4	2011	5	1
180	8	2011	5	2
180	9	2011	5	12
180	13	2011	5	1
180	3	2011	6	1
180	8	2011	6	1
180	9	2011	6	18
180	13	2011	6	1
181	9	2011	1	6
181	1	2011	2	1
181	9	2011	2	5
181	5	2011	3	1
181	9	2011	3	9
181	12	2011	3	2
181	13	2011	3	22
181	9	2011	4	9
181	6	2011	5	1
181	9	2011	5	8
181	9	2011	6	7
182	1	2011	1	1
182	3	2011	1	2
182	5	2011	1	7
182	8	2011	1	3
182	9	2011	1	54
182	10	2011	1	1
182	12	2011	1	1
182	3	2011	2	4
182	5	2011	2	10
182	8	2011	2	2
182	9	2011	2	38
182	12	2011	2	1
182	13	2011	2	3
182	3	2011	3	1
182	4	2011	3	5
182	5	2011	3	3
182	9	2011	3	38
182	13	2011	3	5
182	1	2011	4	1
182	5	2011	4	4
182	6	2011	4	1
182	8	2011	4	1
182	9	2011	4	36
182	13	2011	4	5
182	3	2011	5	1
182	4	2011	5	1
182	5	2011	5	1
182	8	2011	5	1
182	9	2011	5	28
182	13	2011	5	3
182	3	2011	6	1
182	4	2011	6	1
182	5	2011	6	6
182	8	2011	6	3
182	9	2011	6	44
182	12	2011	6	2
182	13	2011	6	2
183	9	2011	1	2
183	9	2011	2	1
183	10	2011	3	1
183	9	2011	4	1
183	9	2011	5	1
183	8	2011	6	1
183	9	2011	6	2
184	5	2011	1	1
184	8	2011	2	1
184	9	2011	2	3
184	8	2011	3	1
184	9	2011	3	3
184	8	2011	4	1
184	9	2011	4	2
184	10	2011	4	1
184	8	2011	5	1
184	9	2011	5	1
184	8	2011	6	1
184	9	2011	6	1
185	1	2011	1	5
185	3	2011	1	38
185	4	2011	1	20
185	5	2011	1	32
185	6	2011	1	1
185	8	2011	1	31
185	9	2011	1	287
185	10	2011	1	3
185	12	2011	1	31
185	13	2011	1	83
185	1	2011	2	10
185	2	2011	2	1
185	3	2011	2	33
185	4	2011	2	12
185	5	2011	2	25
185	6	2011	2	3
185	8	2011	2	39
185	9	2011	2	224
185	10	2011	2	8
185	12	2011	2	39
185	13	2011	2	73
185	1	2011	3	7
185	3	2011	3	49
185	4	2011	3	15
185	5	2011	3	28
185	6	2011	3	3
185	8	2011	3	38
185	9	2011	3	276
185	10	2011	3	4
185	12	2011	3	26
185	13	2011	3	117
185	1	2011	4	5
185	3	2011	4	47
185	4	2011	4	18
185	5	2011	4	40
185	8	2011	4	28
185	9	2011	4	232
185	10	2011	4	3
185	11	2011	4	1
185	12	2011	4	26
185	13	2011	4	128
185	1	2011	5	10
185	3	2011	5	36
185	4	2011	5	10
185	5	2011	5	43
185	6	2011	5	4
185	8	2011	5	35
185	9	2011	5	257
185	10	2011	5	1
185	11	2011	5	1
185	12	2011	5	40
185	13	2011	5	115
185	1	2011	6	13
185	3	2011	6	19
185	4	2011	6	13
185	5	2011	6	15
185	8	2011	6	43
185	9	2011	6	229
185	10	2011	6	2
185	12	2011	6	25
185	13	2011	6	133
186	9	2011	1	1
186	5	2011	2	1
186	9	2011	2	1
186	9	2011	3	6
186	12	2011	3	1
186	13	2011	3	1
187	1	2011	1	6
187	3	2011	1	6
187	4	2011	1	6
187	5	2011	1	13
187	8	2011	1	4
187	9	2011	1	124
187	10	2011	1	3
187	13	2011	1	18
187	1	2011	2	7
187	3	2011	2	10
187	4	2011	2	7
187	5	2011	2	10
187	8	2011	2	3
187	9	2011	2	89
187	10	2011	2	3
187	12	2011	2	2
187	13	2011	2	26
187	1	2011	3	7
187	3	2011	3	6
187	5	2011	3	10
187	6	2011	3	1
187	8	2011	3	1
187	9	2011	3	101
187	10	2011	3	2
187	12	2011	3	4
187	13	2011	3	30
187	1	2011	4	4
187	3	2011	4	15
187	4	2011	4	2
187	5	2011	4	12
187	8	2011	4	4
187	9	2011	4	101
187	10	2011	4	3
187	12	2011	4	10
187	13	2011	4	33
187	1	2011	5	6
187	3	2011	5	10
187	4	2011	5	4
187	5	2011	5	11
187	8	2011	5	3
187	9	2011	5	109
187	10	2011	5	2
187	12	2011	5	1
187	13	2011	5	23
187	1	2011	6	7
187	3	2011	6	7
187	4	2011	6	3
187	5	2011	6	6
187	8	2011	6	2
187	9	2011	6	91
187	10	2011	6	2
187	12	2011	6	1
187	13	2011	6	14
188	3	2011	1	1
188	5	2011	1	4
188	8	2011	1	1
188	9	2011	1	20
188	13	2011	1	2
188	3	2011	2	1
188	4	2011	2	1
188	5	2011	2	4
188	6	2011	2	2
188	8	2011	2	2
188	9	2011	2	18
188	13	2011	2	2
188	1	2011	3	2
188	3	2011	3	1
188	4	2011	3	1
188	5	2011	3	2
188	9	2011	3	14
188	13	2011	3	1
188	1	2011	4	1
188	3	2011	4	1
188	4	2011	4	3
188	5	2011	4	1
188	8	2011	4	2
188	9	2011	4	23
188	12	2011	4	2
188	13	2011	4	2
188	1	2011	5	1
188	3	2011	5	2
188	4	2011	5	1
188	5	2011	5	2
188	9	2011	5	38
188	13	2011	5	1
188	1	2011	6	5
188	3	2011	6	2
188	4	2011	6	2
188	5	2011	6	1
188	8	2011	6	2
188	9	2011	6	21
188	13	2011	6	2
189	9	2011	1	6
189	13	2011	1	1
189	5	2011	2	1
189	9	2011	2	8
189	13	2011	2	2
189	5	2011	3	1
189	9	2011	3	8
189	13	2011	3	2
189	5	2011	4	1
189	9	2011	4	26
189	13	2011	4	1
189	2	2011	5	1
189	9	2011	5	13
189	10	2011	5	1
189	9	2011	6	10
190	5	2011	1	1
190	9	2011	1	4
190	9	2011	2	1
190	9	2011	3	4
190	9	2011	4	1
190	9	2011	6	1
191	9	2011	1	13
191	9	2011	2	10
191	1	2011	3	1
191	3	2011	3	1
191	5	2011	3	1
191	9	2011	3	11
191	3	2011	4	1
191	4	2011	4	1
191	9	2011	4	9
191	9	2011	5	13
191	13	2011	5	1
191	3	2011	6	3
191	9	2011	6	5
192	9	2011	1	1
192	9	2011	3	4
192	9	2011	4	1
192	9	2011	5	1
193	5	2011	1	2
193	8	2011	1	3
193	9	2011	1	32
193	1	2011	2	1
193	5	2011	2	1
193	9	2011	2	15
193	5	2011	3	3
193	8	2011	3	1
193	9	2011	3	12
193	13	2011	3	1
193	5	2011	4	1
193	8	2011	4	1
193	1	2011	5	1
193	8	2011	5	1
193	9	2011	5	22
193	13	2011	5	1
193	8	2011	6	1
193	9	2011	6	23
193	13	2011	6	1
194	9	2011	1	7
194	9	2011	2	3
194	9	2011	3	4
194	9	2011	4	4
194	1	2011	5	1
194	5	2011	5	1
194	9	2011	5	4
195	9	2011	1	2
195	8	2011	2	1
195	9	2011	2	5
195	9	2011	3	4
195	10	2011	3	1
195	9	2011	4	1
195	9	2011	5	6
196	9	2011	1	3
196	9	2011	2	4
196	1	2011	3	1
196	8	2011	3	1
196	9	2011	3	3
196	8	2011	4	3
196	9	2011	4	6
196	9	2011	5	2
196	9	2011	6	2
197	5	2011	1	2
197	9	2011	1	3
197	5	2011	2	1
197	9	2011	2	8
197	13	2011	2	1
197	5	2011	3	2
197	8	2011	3	2
197	9	2011	3	3
197	9	2011	4	2
197	8	2011	5	1
197	9	2011	5	4
197	8	2011	6	2
197	13	2011	6	1
198	5	2011	1	1
198	9	2011	1	10
198	10	2011	1	1
198	13	2011	1	1
198	9	2011	2	4
198	9	2011	3	6
198	1	2011	4	1
198	5	2011	4	1
198	9	2011	4	3
198	10	2011	4	2
198	1	2011	5	2
198	9	2011	5	1
198	5	2011	6	1
198	8	2011	6	1
198	9	2011	6	5
198	12	2011	6	1
198	13	2011	6	2
199	1	2011	1	1
199	9	2011	1	3
199	1	2011	2	1
199	9	2011	2	2
199	13	2011	2	1
199	1	2011	3	1
199	9	2011	3	3
199	1	2011	4	1
199	9	2011	4	1
199	5	2011	5	1
199	9	2011	5	3
199	9	2011	6	2
199	13	2011	6	1
200	1	2011	1	1
200	4	2011	1	1
200	5	2011	1	3
200	8	2011	1	1
200	9	2011	1	21
200	13	2011	1	3
200	1	2011	2	1
200	5	2011	2	2
200	8	2011	2	1
200	9	2011	2	17
200	13	2011	2	2
200	1	2011	3	1
200	4	2011	3	3
200	5	2011	3	2
200	8	2011	3	1
200	9	2011	3	17
200	13	2011	3	2
200	1	2011	4	2
200	4	2011	4	1
200	5	2011	4	2
200	8	2011	4	2
200	9	2011	4	32
200	1	2011	5	1
200	3	2011	5	2
200	5	2011	5	3
200	8	2011	5	1
200	9	2011	5	17
200	13	2011	5	5
200	3	2011	6	1
200	4	2011	6	1
200	5	2011	6	4
200	8	2011	6	1
200	9	2011	6	11
200	13	2011	6	1
201	1	2011	1	1
201	4	2011	1	1
201	5	2011	1	4
201	8	2011	1	2
201	9	2011	1	40
201	13	2011	1	4
201	3	2011	2	4
201	4	2011	2	5
201	5	2011	2	4
201	8	2011	2	8
201	9	2011	2	34
201	12	2011	2	2
201	13	2011	2	7
201	1	2011	3	4
201	4	2011	3	4
201	5	2011	3	3
201	8	2011	3	7
201	9	2011	3	39
201	13	2011	3	6
201	1	2011	4	1
201	3	2011	4	1
201	4	2011	4	2
201	5	2011	4	4
201	8	2011	4	3
201	9	2011	4	22
201	13	2011	4	1
201	4	2011	5	3
201	5	2011	5	2
201	8	2011	5	3
201	9	2011	5	37
201	12	2011	5	1
201	13	2011	5	8
201	1	2011	6	2
201	3	2011	6	2
201	4	2011	6	2
201	5	2011	6	2
201	6	2011	6	1
201	8	2011	6	2
201	9	2011	6	30
201	13	2011	6	6
202	1	2011	1	3
202	2	2011	1	1
202	3	2011	1	5
202	4	2011	1	2
202	5	2011	1	8
202	8	2011	1	9
202	9	2011	1	96
202	12	2011	1	1
202	13	2011	1	23
202	1	2011	2	5
202	3	2011	2	5
202	4	2011	2	4
202	5	2011	2	5
202	8	2011	2	14
202	9	2011	2	117
202	12	2011	2	2
202	13	2011	2	21
202	1	2011	3	6
202	3	2011	3	3
202	4	2011	3	3
202	5	2011	3	8
202	8	2011	3	6
202	9	2011	3	127
202	10	2011	3	2
202	13	2011	3	18
202	1	2011	4	7
202	3	2011	4	6
202	4	2011	4	1
202	5	2011	4	7
202	8	2011	4	7
202	9	2011	4	142
202	10	2011	4	2
202	12	2011	4	1
202	13	2011	4	14
202	1	2011	5	5
202	2	2011	5	2
202	3	2011	5	10
202	4	2011	5	3
202	5	2011	5	11
202	6	2011	5	2
202	8	2011	5	5
202	9	2011	5	159
202	12	2011	5	1
202	13	2011	5	14
202	1	2011	6	4
202	3	2011	6	8
202	4	2011	6	4
202	5	2011	6	8
202	8	2011	6	7
202	9	2011	6	146
202	10	2011	6	1
202	13	2011	6	26
203	9	2011	1	1
203	9	2011	2	1
203	9	2011	3	3
203	9	2011	4	1
203	9	2011	5	1
203	9	2011	6	1
204	3	2011	1	13
204	4	2011	1	3
204	5	2011	1	3
204	6	2011	1	1
204	8	2011	1	6
204	9	2011	1	189
204	12	2011	1	1
204	13	2011	1	13
204	1	2011	2	1
204	3	2011	2	4
204	4	2011	2	4
204	5	2011	2	6
204	8	2011	2	4
204	9	2011	2	93
204	12	2011	2	1
204	13	2011	2	3
219	9	2011	4	4
204	1	2011	3	3
204	3	2011	3	3
204	4	2011	3	1
204	5	2011	3	1
204	8	2011	3	2
204	9	2011	3	97
204	12	2011	3	1
204	13	2011	3	6
204	1	2011	4	2
204	3	2011	4	1
204	5	2011	4	1
204	8	2011	4	1
204	9	2011	4	69
204	13	2011	4	3
204	3	2011	5	1
204	5	2011	5	1
204	8	2011	5	1
204	9	2011	5	88
204	10	2011	5	1
204	12	2011	5	1
204	13	2011	5	2
204	1	2011	6	1
204	3	2011	6	1
204	9	2011	6	54
204	10	2011	6	1
204	13	2011	6	2
205	1	2011	2	1
205	9	2011	4	1
205	1	2011	6	1
206	1	2011	1	1
206	9	2011	1	7
206	9	2011	2	5
206	9	2011	3	11
206	5	2011	4	1
206	9	2011	4	14
206	8	2011	5	1
206	9	2011	5	9
206	9	2011	6	4
207	9	2011	1	1
207	9	2011	3	3
207	1	2011	5	1
208	1	2011	1	1
208	5	2011	1	1
208	9	2011	1	8
208	13	2011	1	1
208	3	2011	2	1
208	8	2011	2	1
208	9	2011	2	5
208	3	2011	3	1
208	8	2011	3	1
208	9	2011	3	6
208	13	2011	3	1
208	3	2011	4	1
208	9	2011	4	5
208	8	2011	5	1
208	9	2011	5	2
208	8	2011	6	1
208	9	2011	6	4
209	9	2011	1	1
209	1	2011	4	1
209	8	2011	4	1
209	9	2011	4	1
209	1	2011	5	1
209	9	2011	5	2
210	9	2011	1	5
210	1	2011	2	2
210	3	2011	2	3
210	4	2011	2	1
210	9	2011	2	1
210	10	2011	2	1
210	3	2011	3	2
210	4	2011	3	1
210	5	2011	3	1
210	8	2011	3	1
210	9	2011	3	6
210	1	2011	4	1
210	9	2011	4	4
210	3	2011	5	1
210	4	2011	5	1
210	5	2011	5	1
210	8	2011	5	1
210	9	2011	5	8
210	10	2011	5	1
210	13	2011	5	3
210	1	2011	6	2
210	9	2011	6	4
211	9	2011	1	9
211	10	2011	1	1
211	3	2011	2	1
211	4	2011	2	1
211	5	2011	2	1
211	9	2011	2	4
211	13	2011	2	1
211	1	2011	3	1
211	5	2011	3	1
211	9	2011	3	5
211	13	2011	3	1
211	5	2011	4	2
211	9	2011	4	6
211	9	2011	5	15
211	13	2011	5	1
211	9	2011	6	12
212	9	2011	1	5
212	1	2011	2	4
212	9	2011	2	5
212	9	2011	3	8
212	9	2011	4	5
212	1	2011	5	1
212	9	2011	5	2
212	9	2011	6	4
213	9	2011	1	2
213	1	2011	2	1
213	4	2011	2	1
213	9	2011	3	1
213	9	2011	4	2
213	1	2011	5	1
213	9	2011	5	3
213	1	2011	6	4
213	9	2011	6	1
214	1	2011	1	2
214	5	2011	1	1
214	8	2011	1	2
214	9	2011	1	70
214	13	2011	1	7
214	1	2011	2	4
214	3	2011	2	2
214	4	2011	2	2
214	5	2011	2	5
214	8	2011	2	1
214	9	2011	2	48
214	10	2011	2	1
214	13	2011	2	4
214	1	2011	3	2
214	3	2011	3	1
214	4	2011	3	8
214	5	2011	3	2
214	8	2011	3	3
214	9	2011	3	83
214	3	2011	4	2
214	4	2011	4	7
214	5	2011	4	1
214	9	2011	4	68
214	13	2011	4	5
214	1	2011	5	5
214	3	2011	5	4
214	4	2011	5	4
214	5	2011	5	1
214	8	2011	5	3
214	9	2011	5	40
214	13	2011	5	3
214	1	2011	6	2
214	3	2011	6	3
214	4	2011	6	3
214	5	2011	6	3
214	6	2011	6	1
214	8	2011	6	1
214	9	2011	6	44
214	13	2011	6	6
215	9	2011	1	3
215	5	2011	2	1
215	9	2011	2	2
215	9	2011	3	2
215	1	2011	4	1
215	8	2011	4	1
215	9	2011	4	2
215	5	2011	5	1
215	9	2011	5	3
215	5	2011	6	1
215	9	2011	6	2
216	5	2011	1	1
216	9	2011	1	2
216	8	2011	2	1
216	9	2011	2	4
216	9	2011	3	2
216	9	2011	4	3
216	9	2011	5	2
216	8	2011	6	1
216	9	2011	6	2
217	9	2011	1	3
217	5	2011	2	1
217	9	2011	2	1
217	9	2011	3	1
217	9	2011	4	2
217	1	2011	5	1
217	9	2011	5	1
218	3	2011	1	1
218	5	2011	1	5
218	8	2011	1	7
218	9	2011	1	15
218	12	2011	1	1
218	13	2011	1	1
218	3	2011	2	1
218	4	2011	2	2
218	5	2011	2	2
218	9	2011	2	14
218	13	2011	2	3
218	1	2011	3	1
218	2	2011	3	1
218	3	2011	3	3
218	4	2011	3	1
218	5	2011	3	3
218	8	2011	3	1
218	9	2011	3	11
218	12	2011	3	1
218	13	2011	3	8
218	1	2011	4	2
218	3	2011	4	2
218	5	2011	4	2
218	9	2011	4	22
218	12	2011	4	1
218	13	2011	4	3
218	5	2011	5	2
218	8	2011	5	2
218	9	2011	5	16
218	13	2011	5	1
218	5	2011	6	2
218	9	2011	6	11
218	12	2011	6	2
218	13	2011	6	1
219	1	2011	2	1
219	6	2011	2	1
219	9	2011	2	4
219	1	2011	3	1
219	9	2011	3	2
219	5	2011	4	1
219	9	2011	5	1
219	9	2011	6	4
220	9	2011	2	1
220	13	2011	3	1
220	9	2011	4	3
221	9	2011	1	2
221	9	2011	2	2
221	3	2011	3	1
221	4	2011	3	1
221	9	2011	3	2
221	9	2011	5	2
221	9	2011	6	2
222	5	2011	1	1
222	8	2011	1	2
222	9	2011	1	28
222	13	2011	1	1
222	1	2011	2	1
222	3	2011	2	1
222	5	2011	2	2
222	9	2011	2	33
222	1	2011	3	1
222	3	2011	3	2
222	5	2011	3	2
222	9	2011	3	46
222	1	2011	4	2
222	5	2011	4	4
222	9	2011	4	20
222	12	2011	4	1
222	13	2011	4	1
222	1	2011	5	2
222	5	2011	5	4
222	8	2011	5	1
222	9	2011	5	39
222	10	2011	5	1
222	13	2011	5	2
222	3	2011	6	2
222	5	2011	6	1
222	8	2011	6	6
222	9	2011	6	38
222	13	2011	6	5
223	9	2011	1	9
223	1	2011	2	1
223	9	2011	2	8
223	13	2011	2	1
223	1	2011	3	1
223	3	2011	3	1
223	5	2011	3	1
223	9	2011	3	14
223	5	2011	4	1
223	9	2011	4	10
223	5	2011	5	1
223	9	2011	5	13
223	13	2011	5	3
223	5	2011	6	1
223	8	2011	6	1
223	9	2011	6	10
223	13	2011	6	1
224	9	2011	1	4
224	1	2011	2	1
224	9	2011	3	5
224	10	2011	3	1
224	1	2011	4	1
224	4	2011	4	1
224	8	2011	4	1
224	9	2011	4	1
224	9	2011	5	2
224	1	2011	6	1
224	9	2011	6	3
225	9	2011	1	3
225	9	2011	2	1
225	9	2011	3	4
225	9	2011	4	1
225	9	2011	5	3
225	9	2011	6	1
226	9	2011	1	2
226	5	2011	2	1
226	9	2011	2	3
226	13	2011	2	2
226	5	2011	3	1
226	9	2011	3	1
226	10	2011	3	1
226	9	2011	4	1
226	9	2011	5	3
226	9	2011	6	3
226	13	2011	6	1
227	1	2011	1	2
227	3	2011	1	1
227	5	2011	1	1
227	8	2011	1	1
227	9	2011	1	33
227	13	2011	1	2
227	3	2011	2	2
227	4	2011	2	1
227	5	2011	2	5
227	9	2011	2	23
227	13	2011	2	7
227	1	2011	3	1
227	3	2011	3	2
227	5	2011	3	1
227	8	2011	3	3
227	9	2011	3	25
227	13	2011	3	3
227	3	2011	4	2
227	4	2011	4	2
227	5	2011	4	3
227	8	2011	4	1
227	9	2011	4	30
227	13	2011	4	1
227	1	2011	5	1
227	3	2011	5	2
227	4	2011	5	1
227	5	2011	5	3
227	9	2011	5	19
227	13	2011	5	1
227	1	2011	6	1
227	3	2011	6	2
227	8	2011	6	1
227	9	2011	6	29
227	13	2011	6	2
228	9	2011	2	4
228	9	2011	3	1
228	9	2011	4	2
228	9	2011	5	4
228	13	2011	5	1
228	9	2011	6	1
229	9	2011	1	1
229	9	2011	2	1
229	8	2011	3	1
229	9	2011	3	2
229	1	2011	5	1
229	9	2011	5	2
229	1	2011	6	1
229	13	2011	6	1
231	1	2011	1	2
231	3	2011	1	2
231	5	2011	1	5
231	6	2011	1	1
231	8	2011	1	1
231	9	2011	1	65
231	13	2011	1	4
231	1	2011	2	1
231	5	2011	2	1
231	8	2011	2	1
231	9	2011	2	29
231	13	2011	2	2
231	1	2011	3	6
231	3	2011	3	1
231	5	2011	3	6
231	8	2011	3	2
231	9	2011	3	47
231	12	2011	3	2
231	13	2011	3	7
231	1	2011	4	4
231	3	2011	4	2
231	4	2011	4	1
231	5	2011	4	6
231	9	2011	4	62
231	11	2011	4	1
231	13	2011	4	2
231	1	2011	5	3
231	3	2011	5	1
231	4	2011	5	1
231	5	2011	5	3
231	9	2011	5	50
231	12	2011	5	3
231	13	2011	5	1
231	1	2011	6	1
231	3	2011	6	7
231	4	2011	6	1
231	9	2011	6	35
231	12	2011	6	1
230	9	2011	1	1
230	9	2011	2	1
230	1	2011	3	1
230	9	2011	3	3
230	1	2011	4	1
230	10	2011	4	1
230	1	2011	5	2
230	9	2011	5	1
230	9	2011	6	4
232	1	2011	1	3
232	3	2011	1	15
232	4	2011	1	6
232	5	2011	1	12
232	8	2011	1	15
232	9	2011	1	111
232	10	2011	1	2
232	12	2011	1	3
232	13	2011	1	14
232	1	2011	2	4
232	3	2011	2	15
232	4	2011	2	1
232	5	2011	2	4
232	6	2011	2	1
232	8	2011	2	17
232	9	2011	2	86
232	10	2011	2	1
232	12	2011	2	4
232	13	2011	2	18
232	1	2011	3	2
232	3	2011	3	19
232	4	2011	3	14
232	5	2011	3	9
232	8	2011	3	20
232	9	2011	3	129
232	10	2011	3	2
232	12	2011	3	6
232	13	2011	3	21
232	1	2011	4	2
232	3	2011	4	37
232	4	2011	4	4
232	5	2011	4	11
232	6	2011	4	2
232	8	2011	4	19
232	9	2011	4	83
232	10	2011	4	1
232	12	2011	4	2
232	13	2011	4	19
232	1	2011	5	4
232	2	2011	5	1
232	3	2011	5	25
232	4	2011	5	1
232	5	2011	5	13
232	8	2011	5	16
232	9	2011	5	132
232	10	2011	5	1
232	12	2011	5	3
232	13	2011	5	22
232	1	2011	6	2
232	3	2011	6	26
232	4	2011	6	1
232	5	2011	6	3
232	8	2011	6	23
232	9	2011	6	95
232	12	2011	6	1
232	13	2011	6	16
233	9	2011	1	1
233	1	2011	2	1
233	13	2011	2	1
233	9	2011	5	1
233	1	2011	6	1
234	5	2011	1	1
234	9	2011	1	9
234	1	2011	2	1
234	5	2011	2	1
234	9	2011	2	5
234	1	2011	3	1
234	4	2011	3	1
234	9	2011	3	10
234	5	2011	4	1
234	9	2011	4	4
234	5	2011	5	1
234	9	2011	5	10
234	4	2011	6	1
234	9	2011	6	6
235	1	2011	1	1
235	9	2011	1	4
235	1	2011	2	1
235	9	2011	2	1
235	1	2011	3	1
235	9	2011	3	3
235	9	2011	4	1
235	9	2011	5	4
235	9	2011	6	2
236	3	2011	1	1
236	9	2011	1	1
236	9	2011	2	4
236	12	2011	2	1
236	9	2011	3	3
236	3	2011	4	1
236	9	2011	4	1
236	1	2011	5	1
236	3	2011	5	1
236	9	2011	5	2
236	3	2011	6	1
236	4	2011	6	1
236	9	2011	6	4
236	13	2011	6	1
237	9	2011	2	1
237	9	2011	3	1
237	9	2011	4	1
237	8	2011	5	1
238	9	2011	1	1
238	9	2011	2	2
238	9	2011	3	1
238	9	2011	4	2
238	9	2011	5	3
238	5	2011	6	1
238	9	2011	6	6
238	12	2011	6	1
239	1	2011	1	1
239	9	2011	1	1
239	9	2011	2	1
239	8	2011	3	1
239	9	2011	3	2
239	9	2011	4	1
239	9	2011	5	4
239	1	2011	6	1
239	9	2011	6	1
240	9	2011	1	1
240	9	2011	2	1
240	9	2011	3	3
240	9	2011	4	2
240	9	2011	5	1
240	9	2011	6	1
241	1	2011	1	1
241	4	2011	1	1
241	9	2011	1	9
241	1	2011	2	1
241	4	2011	2	1
241	5	2011	2	2
241	9	2011	2	4
241	1	2011	3	1
241	9	2011	3	5
241	12	2011	3	1
241	13	2011	3	1
241	5	2011	4	1
241	9	2011	4	2
241	1	2011	5	1
241	5	2011	5	1
241	9	2011	5	8
241	13	2011	5	1
241	1	2011	6	2
241	3	2011	6	1
241	8	2011	6	1
241	9	2011	6	10
242	9	2011	1	2
242	13	2011	1	1
242	9	2011	2	3
242	9	2011	3	7
242	9	2011	4	3
242	9	2011	5	5
242	4	2011	6	1
242	9	2011	6	8
243	9	2011	1	3
243	9	2011	3	2
243	9	2011	4	1
244	1	2011	1	2
244	3	2011	1	1
244	4	2011	1	1
244	5	2011	1	5
244	8	2011	1	3
244	9	2011	1	42
244	13	2011	1	1
244	1	2011	2	1
244	3	2011	2	2
244	4	2011	2	3
244	5	2011	2	2
244	8	2011	2	3
244	9	2011	2	43
244	10	2011	2	1
244	12	2011	2	3
244	13	2011	2	7
244	3	2011	3	1
244	5	2011	3	4
244	8	2011	3	8
244	9	2011	3	48
244	12	2011	3	6
244	13	2011	3	7
244	1	2011	4	2
244	3	2011	4	1
244	4	2011	4	1
244	6	2011	4	1
244	8	2011	4	6
244	9	2011	4	38
244	11	2011	4	1
244	12	2011	4	1
244	13	2011	4	6
244	1	2011	5	2
244	3	2011	5	1
244	4	2011	5	1
244	5	2011	5	3
244	8	2011	5	7
244	9	2011	5	48
244	12	2011	5	2
244	13	2011	5	3
244	3	2011	6	3
244	4	2011	6	3
244	5	2011	6	5
244	8	2011	6	7
244	9	2011	6	30
244	12	2011	6	2
244	13	2011	6	4
245	4	2011	1	1
245	9	2011	1	3
245	1	2011	2	1
245	9	2011	2	5
245	9	2011	3	6
245	13	2011	3	1
245	9	2011	4	7
245	8	2011	5	1
245	9	2011	5	3
245	9	2011	6	9
246	9	2011	1	9
246	9	2011	2	7
246	9	2011	3	8
246	13	2011	3	1
246	8	2011	4	1
246	9	2011	4	4
246	1	2011	5	1
246	9	2011	5	7
246	12	2011	5	1
247	9	2011	3	1
247	9	2011	4	1
248	8	2011	1	1
248	9	2011	1	6
248	13	2011	2	1
248	9	2011	3	3
248	10	2011	3	1
248	9	2011	4	1
248	13	2011	4	1
248	4	2011	5	1
248	9	2011	5	2
248	13	2011	6	1
249	9	2011	1	1
249	10	2011	1	1
249	1	2011	2	1
249	9	2011	2	4
249	13	2011	2	1
249	1	2011	3	2
249	9	2011	3	8
249	9	2011	4	5
249	8	2011	5	1
249	9	2011	5	4
249	9	2011	6	5
250	9	2011	1	4
250	9	2011	2	5
250	9	2011	3	3
250	5	2011	4	1
250	9	2011	4	2
250	12	2011	4	2
250	13	2011	4	1
250	8	2011	5	1
250	9	2011	5	5
250	1	2011	6	1
250	9	2011	6	3
251	5	2011	1	1
251	9	2011	1	2
251	9	2011	2	1
251	1	2011	3	1
251	3	2011	3	1
251	5	2011	3	1
251	9	2011	3	3
251	13	2011	3	1
251	9	2011	4	4
251	12	2011	4	1
251	9	2011	5	2
251	13	2011	5	1
251	1	2011	6	1
251	9	2011	6	2
251	13	2011	6	1
252	10	2011	2	1
252	9	2011	4	1
252	9	2011	6	1
253	9	2011	1	1
253	1	2011	2	1
253	8	2011	2	1
253	9	2011	2	2
253	4	2011	3	1
253	9	2011	3	1
253	9	2011	4	3
253	5	2011	5	1
253	9	2011	5	3
253	9	2011	6	2
254	9	2011	1	4
254	9	2011	2	1
254	13	2011	2	1
254	5	2011	3	1
254	9	2011	3	3
254	10	2011	3	1
254	1	2011	4	1
254	9	2011	4	7
254	10	2011	4	1
254	3	2011	5	1
254	9	2011	5	11
254	9	2011	6	5
255	4	2011	1	1
255	8	2011	1	1
255	9	2011	1	6
255	9	2011	2	7
255	3	2011	3	1
255	9	2011	3	4
255	9	2011	4	2
255	9	2011	5	5
255	3	2011	6	1
255	9	2011	6	2
256	9	2011	1	1
256	9	2011	3	1
257	9	2011	1	1
257	12	2011	1	1
257	1	2011	3	2
257	9	2011	3	2
257	9	2011	4	2
257	5	2011	5	1
258	1	2011	1	1
258	9	2011	1	3
258	9	2011	2	2
258	8	2011	3	1
258	13	2011	3	1
258	5	2011	4	1
258	9	2011	4	1
258	9	2011	5	2
258	12	2011	5	1
258	8	2011	6	1
259	3	2011	1	3
259	4	2011	1	6
259	5	2011	1	6
259	8	2011	1	6
259	9	2011	1	82
259	12	2011	1	1
259	13	2011	1	3
259	1	2011	2	3
259	2	2011	2	2
259	3	2011	2	6
259	4	2011	2	2
259	5	2011	2	4
259	8	2011	2	3
259	9	2011	2	94
259	10	2011	2	1
259	13	2011	2	6
259	1	2011	3	3
259	3	2011	3	9
259	4	2011	3	4
259	5	2011	3	6
259	8	2011	3	4
259	9	2011	3	88
259	11	2011	3	1
259	12	2011	3	2
259	13	2011	3	12
259	1	2011	4	1
259	3	2011	4	11
259	4	2011	4	3
259	5	2011	4	1
259	9	2011	4	78
259	13	2011	4	13
259	1	2011	5	2
259	3	2011	5	20
259	4	2011	5	2
259	5	2011	5	5
259	8	2011	5	5
259	9	2011	5	57
259	13	2011	5	10
259	1	2011	6	3
259	2	2011	6	1
259	3	2011	6	13
259	4	2011	6	5
259	5	2011	6	4
259	8	2011	6	2
259	9	2011	6	69
259	13	2011	6	7
260	9	2011	1	1
260	13	2011	1	1
260	9	2011	2	1
260	13	2011	2	1
260	1	2011	3	1
260	9	2011	3	1
260	9	2011	4	1
260	9	2011	5	1
260	8	2011	6	1
261	9	2011	1	2
261	9	2011	2	2
261	9	2011	4	1
262	5	2011	1	2
262	9	2011	1	5
262	8	2011	2	1
262	9	2011	2	4
262	9	2011	3	5
262	9	2011	4	1
262	9	2011	5	3
262	5	2011	6	2
262	9	2011	6	1
263	9	2011	1	5
263	12	2011	1	2
263	9	2011	2	4
263	9	2011	3	3
263	9	2011	4	5
263	8	2011	5	1
263	9	2011	6	3
263	12	2011	6	1
264	1	2011	1	1
264	4	2011	1	3
264	5	2011	1	1
264	9	2011	1	16
264	1	2011	2	2
264	3	2011	2	1
264	4	2011	2	4
264	5	2011	2	2
264	8	2011	2	1
264	9	2011	2	17
264	10	2011	2	1
264	1	2011	3	1
264	3	2011	3	1
264	4	2011	3	1
264	9	2011	3	21
264	13	2011	3	1
264	3	2011	4	1
264	4	2011	4	1
264	5	2011	4	1
264	9	2011	4	18
264	10	2011	4	1
264	1	2011	5	1
264	3	2011	5	2
264	9	2011	5	26
264	1	2011	6	1
264	3	2011	6	1
264	4	2011	6	2
264	5	2011	6	1
264	9	2011	6	10
264	13	2011	6	2
265	9	2011	1	10
265	9	2011	2	4
265	13	2011	2	1
265	1	2011	3	1
265	9	2011	3	6
265	13	2011	3	1
265	9	2011	4	5
265	3	2011	5	1
265	9	2011	5	3
265	8	2011	6	2
265	9	2011	6	2
265	13	2011	6	1
266	9	2011	1	4
266	9	2011	2	2
266	9	2011	3	10
266	9	2011	4	6
266	6	2011	5	1
266	9	2011	5	4
266	9	2011	6	3
267	9	2011	1	3
267	9	2011	2	1
267	9	2011	3	1
267	9	2011	4	2
267	1	2011	6	1
267	8	2011	6	1
268	1	2011	1	1
268	8	2011	1	2
268	9	2011	1	19
268	13	2011	1	3
268	1	2011	2	2
268	3	2011	2	1
268	5	2011	2	1
268	8	2011	2	1
268	9	2011	2	44
268	12	2011	2	1
268	1	2011	3	1
268	4	2011	3	1
268	8	2011	3	1
268	9	2011	3	25
268	10	2011	3	1
268	13	2011	3	1
268	1	2011	4	1
268	4	2011	4	1
268	5	2011	4	1
268	8	2011	4	3
268	9	2011	4	28
268	13	2011	4	3
268	1	2011	5	3
268	8	2011	5	2
268	9	2011	5	30
268	13	2011	5	3
268	1	2011	6	3
268	4	2011	6	2
268	8	2011	6	3
268	9	2011	6	31
268	13	2011	6	2
269	9	2011	1	2
269	5	2011	3	1
269	9	2011	3	3
269	5	2011	4	2
269	8	2011	4	1
269	9	2011	4	3
269	9	2011	5	4
269	9	2011	6	4
270	1	2011	1	1
270	4	2011	1	1
270	5	2011	1	2
270	9	2011	1	16
270	1	2011	2	1
270	3	2011	2	3
270	5	2011	2	2
270	8	2011	2	2
270	9	2011	2	17
270	13	2011	2	2
270	1	2011	3	3
270	3	2011	3	1
270	9	2011	3	27
270	13	2011	3	2
270	1	2011	4	1
270	5	2011	4	1
270	8	2011	4	3
270	9	2011	4	24
270	13	2011	4	1
270	5	2011	5	3
270	9	2011	5	25
270	1	2011	6	1
270	5	2011	6	1
270	8	2011	6	1
270	9	2011	6	9
270	12	2011	6	1
270	13	2011	6	1
271	9	2011	1	3
271	1	2011	2	1
271	9	2011	2	2
271	1	2011	3	1
271	3	2011	3	1
271	5	2011	3	2
271	9	2011	3	1
271	9	2011	4	2
271	1	2011	5	1
271	9	2011	5	1
271	9	2011	6	3
272	8	2011	1	1
272	9	2011	1	1
272	9	2011	2	5
272	8	2011	3	1
272	9	2011	3	9
272	12	2011	3	1
272	8	2011	4	1
272	9	2011	4	1
272	9	2011	5	3
272	5	2011	6	1
272	8	2011	6	1
272	9	2011	6	3
273	3	2011	1	1
273	5	2011	1	2
273	8	2011	1	1
273	9	2011	1	3
273	13	2011	1	1
273	4	2011	2	1
273	8	2011	2	1
273	9	2011	2	9
273	13	2011	2	1
273	4	2011	3	1
273	8	2011	3	2
273	9	2011	3	8
273	13	2011	3	1
273	3	2011	4	1
273	9	2011	4	6
273	9	2011	5	9
273	9	2011	6	3
273	13	2011	6	1
274	1	2011	2	1
274	9	2011	4	1
274	9	2011	5	1
275	5	2011	1	1
275	9	2011	1	2
275	9	2011	2	1
275	3	2011	3	1
275	9	2011	3	1
275	9	2011	5	1
275	9	2011	6	2
276	5	2011	4	1
276	9	2011	4	1
276	1	2011	5	1
276	9	2011	5	2
276	9	2011	6	2
277	1	2011	1	2
277	9	2011	1	2
277	1	2011	2	1
277	9	2011	2	3
277	8	2011	3	1
277	9	2011	3	3
277	1	2011	4	1
277	9	2011	5	3
277	5	2011	6	1
277	9	2011	6	1
278	5	2011	1	4
278	9	2011	1	10
278	12	2011	1	1
278	4	2011	2	1
278	5	2011	2	3
278	9	2011	2	9
278	4	2011	3	1
278	5	2011	3	1
278	8	2011	3	1
278	9	2011	3	9
278	12	2011	3	1
278	13	2011	3	1
278	3	2011	4	1
278	5	2011	4	2
278	9	2011	4	14
278	12	2011	4	1
278	13	2011	4	1
278	3	2011	5	1
278	4	2011	5	1
278	5	2011	5	1
278	8	2011	5	1
278	9	2011	5	14
278	12	2011	5	1
278	13	2011	5	1
278	4	2011	6	2
278	9	2011	6	10
278	13	2011	6	1
279	9	2011	1	1
279	9	2011	2	1
279	13	2011	2	1
279	5	2011	3	1
279	9	2011	3	1
279	13	2011	3	1
279	12	2011	4	1
279	9	2011	5	2
279	9	2011	6	2
280	9	2011	1	10
280	1	2011	2	1
280	9	2011	2	9
280	1	2011	3	1
280	5	2011	3	1
280	9	2011	3	9
280	13	2011	3	1
280	1	2011	4	1
280	9	2011	4	3
280	5	2011	5	2
280	9	2011	5	14
280	1	2011	6	1
280	5	2011	6	1
280	9	2011	6	9
280	13	2011	6	1
281	1	2011	1	1
281	5	2011	1	1
281	9	2011	1	11
281	5	2011	2	1
281	9	2011	2	13
281	10	2011	2	1
281	5	2011	3	2
281	9	2011	3	15
281	8	2011	4	1
281	9	2011	4	18
281	13	2011	4	3
281	1	2011	5	1
281	5	2011	5	3
281	9	2011	5	10
281	4	2011	6	1
281	9	2011	6	26
281	13	2011	6	1
282	3	2011	1	1
282	4	2011	1	2
282	5	2011	1	1
282	8	2011	1	1
282	9	2011	1	18
282	12	2011	1	1
282	1	2011	2	1
282	3	2011	2	2
282	4	2011	2	2
282	8	2011	2	2
282	9	2011	2	17
282	12	2011	2	1
282	13	2011	2	1
282	4	2011	3	5
282	5	2011	3	4
282	8	2011	3	2
282	9	2011	3	21
282	10	2011	3	1
282	13	2011	3	3
292	10	2011	6	1
282	3	2011	4	1
282	4	2011	4	5
282	5	2011	4	1
282	8	2011	4	2
282	9	2011	4	18
282	12	2011	4	1
282	13	2011	4	3
282	1	2011	5	3
282	4	2011	5	3
282	5	2011	5	2
282	8	2011	5	1
282	9	2011	5	22
282	1	2011	6	1
282	4	2011	6	2
282	5	2011	6	2
282	8	2011	6	4
282	9	2011	6	24
282	12	2011	6	1
282	13	2011	6	2
283	9	2011	2	1
283	9	2011	4	2
283	1	2011	5	1
283	9	2011	5	1
283	9	2011	6	3
284	9	2011	1	1
284	9	2011	2	1
284	1	2011	3	1
284	9	2011	3	3
284	9	2011	4	1
284	9	2011	5	1
284	13	2011	6	1
285	1	2011	1	1
285	3	2011	1	1
285	8	2011	1	2
285	9	2011	1	26
285	12	2011	1	1
285	13	2011	1	1
285	4	2011	2	1
285	9	2011	2	14
285	13	2011	2	1
285	1	2011	3	1
285	3	2011	3	2
285	4	2011	3	1
285	8	2011	3	2
285	9	2011	3	25
285	10	2011	3	1
285	12	2011	3	1
285	13	2011	3	2
285	3	2011	4	1
285	4	2011	4	2
285	5	2011	4	3
285	8	2011	4	1
285	9	2011	4	18
285	10	2011	4	1
285	11	2011	4	1
285	12	2011	4	2
285	13	2011	4	1
285	3	2011	5	1
285	4	2011	5	2
285	5	2011	5	1
285	6	2011	5	1
285	8	2011	5	1
285	9	2011	5	19
285	10	2011	5	1
285	12	2011	5	1
285	1	2011	6	1
285	5	2011	6	1
285	8	2011	6	4
285	9	2011	6	22
285	10	2011	6	1
285	12	2011	6	1
285	13	2011	6	1
286	9	2011	1	2
286	1	2011	2	1
286	8	2011	3	1
286	9	2011	3	1
286	9	2011	4	3
286	9	2011	5	2
286	10	2011	5	1
286	9	2011	6	1
287	9	2011	1	1
287	9	2011	2	1
287	9	2011	3	3
287	9	2011	4	1
287	9	2011	5	3
287	9	2011	6	1
288	1	2011	1	8
288	3	2011	1	17
288	4	2011	1	13
288	5	2011	1	25
288	8	2011	1	73
288	9	2011	1	244
288	10	2011	1	8
288	12	2011	1	30
288	13	2011	1	117
288	1	2011	2	8
288	2	2011	2	1
288	3	2011	2	21
288	4	2011	2	15
288	5	2011	2	38
288	6	2011	2	1
288	8	2011	2	71
288	9	2011	2	258
288	10	2011	2	8
288	11	2011	2	1
288	12	2011	2	31
288	13	2011	2	114
288	1	2011	3	12
288	3	2011	3	9
288	4	2011	3	13
288	5	2011	3	36
288	6	2011	3	1
288	8	2011	3	74
288	9	2011	3	273
288	10	2011	3	5
288	12	2011	3	53
288	13	2011	3	146
288	1	2011	4	12
288	3	2011	4	13
288	4	2011	4	13
288	5	2011	4	36
288	6	2011	4	1
288	8	2011	4	62
288	9	2011	4	272
288	10	2011	4	5
288	11	2011	4	1
288	12	2011	4	41
288	13	2011	4	134
288	1	2011	5	7
288	3	2011	5	17
288	4	2011	5	27
288	5	2011	5	36
288	6	2011	5	3
288	8	2011	5	113
288	9	2011	5	292
288	10	2011	5	2
288	12	2011	5	26
288	13	2011	5	120
288	1	2011	6	15
288	3	2011	6	13
288	4	2011	6	19
288	5	2011	6	35
288	6	2011	6	1
288	7	2011	6	1
288	8	2011	6	83
288	9	2011	6	291
288	10	2011	6	4
288	12	2011	6	36
288	13	2011	6	114
289	9	2011	1	1
289	4	2011	2	1
289	9	2011	2	1
289	1	2011	5	1
323	9	2011	1	4
289	9	2011	5	1
289	8	2011	6	1
290	1	2011	1	1
290	1	2011	2	1
290	9	2011	2	1
290	9	2011	3	1
290	9	2011	4	1
291	9	2011	1	1
291	5	2011	2	1
291	9	2011	2	1
292	3	2011	1	17
292	4	2011	1	1
292	5	2011	1	10
292	8	2011	1	2
292	9	2011	1	59
292	10	2011	1	1
292	13	2011	1	5
292	1	2011	2	1
292	3	2011	2	10
292	4	2011	2	6
292	5	2011	2	7
292	8	2011	2	5
292	9	2011	2	63
292	12	2011	2	3
292	13	2011	2	10
292	3	2011	3	14
292	4	2011	3	5
292	5	2011	3	7
292	8	2011	3	5
292	9	2011	3	98
292	10	2011	3	3
292	13	2011	3	8
292	1	2011	4	1
292	3	2011	4	11
292	4	2011	4	3
292	5	2011	4	4
292	8	2011	4	1
292	9	2011	4	97
292	13	2011	4	14
292	1	2011	5	1
292	3	2011	5	13
292	4	2011	5	2
292	5	2011	5	6
292	6	2011	5	2
292	8	2011	5	2
292	9	2011	5	77
292	13	2011	5	3
292	1	2011	6	1
292	2	2011	6	1
292	3	2011	6	3
292	4	2011	6	3
292	5	2011	6	4
292	8	2011	6	1
292	9	2011	6	61
292	13	2011	6	5
293	5	2011	1	1
293	9	2011	1	1
293	1	2011	2	1
293	9	2011	3	2
293	5	2011	4	1
293	9	2011	4	1
293	9	2011	5	2
293	9	2011	6	4
294	3	2011	1	1
294	5	2011	1	1
294	8	2011	1	2
294	9	2011	1	52
294	1	2011	2	4
294	3	2011	2	3
294	4	2011	2	1
294	5	2011	2	2
294	8	2011	2	1
294	9	2011	2	33
294	13	2011	2	5
294	1	2011	3	3
294	3	2011	3	2
294	4	2011	3	2
294	5	2011	3	1
294	9	2011	3	28
294	13	2011	3	2
294	3	2011	4	1
294	4	2011	4	1
294	5	2011	4	1
294	9	2011	4	23
294	13	2011	4	2
294	1	2011	5	1
294	3	2011	5	2
294	4	2011	5	2
294	5	2011	5	1
294	8	2011	5	1
294	9	2011	5	31
294	4	2011	6	1
294	5	2011	6	1
294	9	2011	6	14
294	13	2011	6	2
295	1	2011	1	1
295	5	2011	1	3
295	8	2011	1	3
295	9	2011	1	67
295	11	2011	1	1
295	13	2011	1	4
295	1	2011	2	2
295	3	2011	2	1
295	4	2011	2	1
295	5	2011	2	2
295	8	2011	2	3
295	9	2011	2	41
295	13	2011	2	3
295	1	2011	3	2
295	4	2011	3	4
295	5	2011	3	5
295	6	2011	3	1
295	8	2011	3	4
295	9	2011	3	55
295	13	2011	3	3
295	1	2011	4	1
295	3	2011	4	3
295	4	2011	4	1
295	5	2011	4	1
295	8	2011	4	4
295	9	2011	4	50
295	13	2011	4	4
295	1	2011	5	1
295	3	2011	5	1
295	4	2011	5	2
295	5	2011	5	4
295	8	2011	5	1
295	9	2011	5	50
295	10	2011	5	1
295	12	2011	5	1
295	13	2011	5	5
295	1	2011	6	2
295	3	2011	6	2
295	4	2011	6	1
295	6	2011	6	2
295	8	2011	6	4
295	9	2011	6	39
295	13	2011	6	4
296	1	2011	1	1
296	9	2011	1	3
296	5	2011	2	2
296	9	2011	2	5
296	5	2011	3	1
296	8	2011	3	1
296	9	2011	3	3
296	5	2011	4	1
296	9	2011	4	5
296	9	2011	5	5
296	10	2011	5	1
296	8	2011	6	1
296	9	2011	6	7
297	1	2011	1	1
297	4	2011	1	1
297	5	2011	1	3
297	8	2011	1	3
297	9	2011	1	48
297	12	2011	1	1
297	13	2011	1	1
297	1	2011	2	2
297	3	2011	2	1
297	5	2011	2	5
297	6	2011	2	1
297	9	2011	2	37
297	13	2011	2	1
297	1	2011	3	2
297	2	2011	3	1
297	4	2011	3	2
297	5	2011	3	5
297	9	2011	3	35
297	13	2011	3	5
297	2	2011	4	1
297	3	2011	4	1
297	4	2011	4	1
297	5	2011	4	3
297	8	2011	4	1
297	9	2011	4	37
297	13	2011	4	3
297	1	2011	5	2
297	2	2011	5	1
297	3	2011	5	2
297	4	2011	5	1
297	5	2011	5	4
297	9	2011	5	23
297	12	2011	5	1
297	13	2011	5	5
297	1	2011	6	2
297	3	2011	6	2
297	4	2011	6	4
297	5	2011	6	1
297	8	2011	6	2
297	9	2011	6	34
297	13	2011	6	4
298	4	2011	1	1
298	9	2011	1	5
298	13	2011	1	1
298	9	2011	2	6
298	1	2011	3	2
298	9	2011	3	8
298	13	2011	3	1
298	1	2011	4	1
298	5	2011	4	1
298	9	2011	4	7
298	13	2011	4	2
298	1	2011	5	1
298	3	2011	5	1
298	8	2011	5	1
298	9	2011	5	10
298	1	2011	6	2
298	9	2011	6	5
299	2	2011	1	1
299	8	2011	1	1
299	9	2011	1	5
299	3	2011	2	1
299	9	2011	2	2
299	9	2011	3	5
299	9	2011	4	4
299	1	2011	5	1
299	4	2011	5	1
299	9	2011	5	4
299	9	2011	6	5
299	12	2011	6	1
300	1	2011	1	1
300	9	2011	1	4
300	12	2011	1	1
300	13	2011	1	3
300	1	2011	2	2
300	8	2011	2	2
300	9	2011	2	9
300	13	2011	2	1
300	1	2011	3	1
300	9	2011	3	2
300	9	2011	4	3
300	1	2011	5	2
300	9	2011	5	6
300	1	2011	6	2
300	9	2011	6	7
300	13	2011	6	1
301	9	2011	2	3
301	9	2011	3	1
301	13	2011	3	1
301	8	2011	5	1
301	9	2011	6	1
302	2	2011	1	1
302	3	2011	1	3
302	5	2011	1	7
302	8	2011	1	2
302	9	2011	1	34
302	10	2011	1	1
302	13	2011	1	13
302	3	2011	2	3
302	5	2011	2	4
302	8	2011	2	3
302	9	2011	2	47
302	12	2011	2	4
302	13	2011	2	9
302	1	2011	3	5
302	3	2011	3	1
302	4	2011	3	2
302	5	2011	3	4
302	8	2011	3	3
302	9	2011	3	36
302	10	2011	3	1
302	12	2011	3	2
302	13	2011	3	14
302	1	2011	4	1
302	3	2011	4	1
302	4	2011	4	1
302	5	2011	4	2
302	8	2011	4	10
302	9	2011	4	28
302	12	2011	4	2
302	13	2011	4	11
302	1	2011	5	2
302	2	2011	5	1
302	3	2011	5	1
302	4	2011	5	1
302	5	2011	5	7
302	8	2011	5	4
302	9	2011	5	55
302	10	2011	5	2
302	12	2011	5	3
302	13	2011	5	5
302	1	2011	6	1
302	3	2011	6	1
302	5	2011	6	3
302	8	2011	6	8
302	9	2011	6	38
302	12	2011	6	1
302	13	2011	6	5
303	9	2011	2	4
303	5	2011	3	1
303	9	2011	3	3
303	9	2011	4	8
303	1	2011	5	1
303	9	2011	5	4
303	9	2011	6	1
304	9	2011	1	6
304	10	2011	1	1
304	9	2011	2	6
304	1	2011	3	1
304	5	2011	3	1
304	9	2011	3	11
304	13	2011	3	2
304	1	2011	4	1
304	9	2011	4	8
304	13	2011	4	1
304	9	2011	5	14
304	13	2011	5	1
304	9	2011	6	5
304	12	2011	6	1
304	13	2011	6	4
305	1	2011	1	13
305	3	2011	1	7
305	4	2011	1	10
305	5	2011	1	27
305	8	2011	1	47
305	9	2011	1	225
305	10	2011	1	5
305	11	2011	1	1
305	12	2011	1	19
305	13	2011	1	75
305	1	2011	2	7
305	3	2011	2	2
305	4	2011	2	5
305	5	2011	2	24
305	8	2011	2	38
305	9	2011	2	187
305	10	2011	2	2
305	11	2011	2	1
305	12	2011	2	24
305	13	2011	2	80
305	1	2011	3	12
305	3	2011	3	5
305	4	2011	3	9
305	5	2011	3	30
305	6	2011	3	2
305	8	2011	3	46
305	9	2011	3	207
305	10	2011	3	3
305	11	2011	3	1
305	12	2011	3	28
305	13	2011	3	112
305	1	2011	4	14
305	3	2011	4	22
305	4	2011	4	17
305	5	2011	4	19
305	8	2011	4	38
305	9	2011	4	186
305	10	2011	4	3
305	12	2011	4	23
305	13	2011	4	76
305	1	2011	5	14
305	3	2011	5	16
305	4	2011	5	27
305	5	2011	5	23
305	6	2011	5	1
305	8	2011	5	33
305	9	2011	5	212
305	10	2011	5	2
305	12	2011	5	29
305	13	2011	5	66
305	1	2011	6	13
305	3	2011	6	19
305	4	2011	6	22
305	5	2011	6	8
305	8	2011	6	24
305	9	2011	6	168
305	10	2011	6	1
305	12	2011	6	19
305	13	2011	6	80
306	1	2011	1	1
306	9	2011	1	2
306	9	2011	2	1
306	9	2011	3	1
306	13	2011	3	1
306	9	2011	5	5
306	9	2011	6	4
307	9	2011	1	4
307	1	2011	2	1
307	9	2011	2	5
307	9	2011	3	2
307	12	2011	3	1
307	8	2011	4	1
307	9	2011	4	4
307	9	2011	5	7
307	12	2011	5	1
307	13	2011	5	1
307	5	2011	6	1
307	9	2011	6	3
308	9	2011	1	5
308	9	2011	2	2
308	9	2011	3	11
308	1	2011	4	1
308	9	2011	4	4
308	1	2011	5	1
308	9	2011	5	4
308	9	2011	6	3
309	1	2011	1	1
309	5	2011	1	1
309	9	2011	1	16
309	13	2011	1	7
309	9	2011	2	10
309	9	2011	3	10
309	10	2011	3	1
309	9	2011	4	12
309	13	2011	4	3
309	8	2011	5	1
309	9	2011	5	12
309	4	2011	6	1
309	9	2011	6	7
309	13	2011	6	1
310	5	2011	1	1
310	9	2011	1	1
310	5	2011	2	1
310	9	2011	2	2
310	9	2011	3	2
310	13	2011	3	1
310	9	2011	4	2
310	1	2011	5	2
310	9	2011	5	1
310	9	2011	6	3
311	1	2011	1	8
311	3	2011	1	21
311	4	2011	1	16
311	5	2011	1	32
311	6	2011	1	1
311	8	2011	1	21
311	9	2011	1	440
311	12	2011	1	13
311	13	2011	1	179
311	1	2011	2	8
311	3	2011	2	15
311	4	2011	2	8
311	5	2011	2	24
311	6	2011	2	2
311	8	2011	2	15
311	9	2011	2	429
311	10	2011	2	3
311	12	2011	2	11
311	13	2011	2	168
311	1	2011	3	8
311	3	2011	3	18
311	4	2011	3	17
311	5	2011	3	36
311	6	2011	3	2
311	8	2011	3	18
311	9	2011	3	460
311	10	2011	3	3
311	12	2011	3	9
311	13	2011	3	197
311	1	2011	4	12
311	3	2011	4	16
311	4	2011	4	9
311	5	2011	4	31
311	6	2011	4	2
311	8	2011	4	32
311	9	2011	4	417
311	10	2011	4	3
311	11	2011	4	1
311	12	2011	4	14
311	13	2011	4	208
311	1	2011	5	13
311	3	2011	5	30
311	4	2011	5	10
311	5	2011	5	41
311	6	2011	5	2
311	8	2011	5	17
311	9	2011	5	396
311	10	2011	5	2
311	11	2011	5	2
311	12	2011	5	14
311	13	2011	5	191
311	1	2011	6	12
311	3	2011	6	15
311	4	2011	6	15
311	5	2011	6	18
311	6	2011	6	4
311	8	2011	6	23
311	9	2011	6	360
311	10	2011	6	2
311	11	2011	6	1
311	12	2011	6	12
311	13	2011	6	142
312	4	2011	1	1
312	9	2011	1	4
312	5	2011	2	1
312	9	2011	2	3
312	9	2011	3	3
312	9	2011	4	3
312	13	2011	4	1
312	9	2011	5	3
312	9	2011	6	1
313	9	2011	1	4
313	13	2011	1	2
313	5	2011	2	1
313	9	2011	2	3
313	9	2011	3	1
313	1	2011	4	1
313	9	2011	4	1
313	9	2011	5	1
313	9	2011	6	6
314	9	2011	1	2
314	1	2011	2	1
314	9	2011	2	5
314	9	2011	3	5
314	1	2011	4	1
314	9	2011	4	4
314	9	2011	6	3
315	5	2011	1	2
315	8	2011	1	1
315	9	2011	1	3
315	5	2011	2	1
315	1	2011	3	1
315	9	2011	3	7
315	1	2011	4	1
315	5	2011	4	2
315	9	2011	4	5
315	13	2011	4	1
315	9	2011	5	2
315	9	2011	6	4
315	13	2011	6	1
316	8	2011	1	1
316	9	2011	1	3
316	9	2011	2	1
316	13	2011	2	1
316	9	2011	3	1
316	9	2011	4	1
316	8	2011	5	1
316	9	2011	5	2
316	7	2011	6	1
316	9	2011	6	1
317	9	2011	1	21
317	4	2011	2	1
317	9	2011	2	12
317	3	2011	3	2
317	4	2011	3	1
317	5	2011	3	1
317	9	2011	3	20
317	1	2011	4	1
317	4	2011	4	1
317	5	2011	4	1
317	6	2011	4	1
317	9	2011	4	20
317	13	2011	4	2
317	1	2011	5	1
317	9	2011	5	22
317	1	2011	6	1
317	4	2011	6	1
317	5	2011	6	1
317	9	2011	6	12
318	9	2011	3	1
319	9	2011	1	4
319	5	2011	2	1
319	9	2011	2	4
319	13	2011	2	1
319	9	2011	3	1
319	9	2011	4	6
319	9	2011	5	3
319	1	2011	6	1
319	9	2011	6	1
320	2	2011	1	1
320	4	2011	1	1
320	5	2011	1	2
320	8	2011	1	1
320	9	2011	1	11
320	13	2011	1	1
320	5	2011	2	1
320	9	2011	2	11
320	13	2011	2	1
320	3	2011	3	1
320	4	2011	3	1
320	9	2011	3	17
320	13	2011	3	1
320	4	2011	4	1
320	9	2011	4	12
320	13	2011	4	1
320	1	2011	5	1
320	4	2011	5	1
320	5	2011	5	1
320	8	2011	5	1
320	9	2011	5	18
320	13	2011	5	2
320	1	2011	6	1
326	13	2011	2	1076
320	3	2011	6	1
320	9	2011	6	7
320	10	2011	6	1
321	1	2011	1	1
321	9	2011	1	17
321	13	2011	1	2
321	1	2011	2	1
321	9	2011	2	10
321	5	2011	3	1
321	9	2011	3	7
321	8	2011	4	1
321	9	2011	4	10
321	13	2011	4	1
321	2	2011	5	1
321	9	2011	5	6
321	13	2011	5	1
321	8	2011	6	1
321	9	2011	6	4
322	9	2011	1	2
322	9	2011	2	3
322	6	2011	3	1
322	3	2011	4	1
323	9	2011	2	2
323	13	2011	2	1
323	1	2011	3	1
323	5	2011	3	1
323	9	2011	3	2
323	9	2011	4	4
323	1	2011	5	1
323	9	2011	5	3
323	9	2011	6	7
323	13	2011	6	2
324	9	2011	1	1
324	9	2011	2	1
324	9	2011	4	1
324	9	2011	5	2
324	9	2011	6	1
325	1	2011	1	1
325	3	2011	1	2
325	4	2011	1	1
325	5	2011	1	6
325	8	2011	1	6
325	9	2011	1	30
325	13	2011	1	2
325	1	2011	2	1
325	3	2011	2	3
325	4	2011	2	1
325	5	2011	2	2
325	8	2011	2	2
325	9	2011	2	32
325	10	2011	2	1
325	13	2011	2	5
325	3	2011	3	1
325	4	2011	3	1
325	5	2011	3	3
325	8	2011	3	5
325	9	2011	3	23
325	10	2011	3	1
325	12	2011	3	2
325	13	2011	3	8
325	1	2011	4	1
325	3	2011	4	6
325	4	2011	4	3
325	5	2011	4	2
325	8	2011	4	5
325	9	2011	4	42
325	12	2011	4	1
325	13	2011	4	14
325	1	2011	5	2
325	3	2011	5	2
325	4	2011	5	3
325	5	2011	5	2
325	6	2011	5	1
325	8	2011	5	3
325	9	2011	5	40
325	10	2011	5	1
325	12	2011	5	3
325	13	2011	5	10
325	1	2011	6	1
325	4	2011	6	6
325	5	2011	6	1
325	8	2011	6	3
325	9	2011	6	29
325	12	2011	6	5
325	13	2011	6	10
326	1	2011	1	58
326	2	2011	1	2
326	3	2011	1	56
326	4	2011	1	157
326	5	2011	1	395
326	6	2011	1	8
326	8	2011	1	247
326	9	2011	1	2536
326	10	2011	1	30
326	11	2011	1	2
326	12	2011	1	434
326	13	2011	1	1025
326	1	2011	2	37
326	2	2011	2	2
326	3	2011	2	64
326	4	2011	2	167
326	5	2011	2	303
326	6	2011	2	11
326	8	2011	2	183
326	9	2011	2	2463
326	10	2011	2	32
326	11	2011	2	3
326	12	2011	2	473
326	1	2011	3	67
326	3	2011	3	93
326	4	2011	3	239
326	5	2011	3	362
326	6	2011	3	9
326	8	2011	3	249
326	9	2011	3	2823
326	10	2011	3	28
326	11	2011	3	1
326	12	2011	3	578
326	13	2011	3	1399
326	1	2011	4	71
326	2	2011	4	1
326	3	2011	4	105
326	4	2011	4	254
326	5	2011	4	374
326	6	2011	4	9
326	7	2011	4	1
326	8	2011	4	193
326	9	2011	4	2680
326	10	2011	4	30
326	11	2011	4	1
326	12	2011	4	514
326	13	2011	4	1242
326	1	2011	5	69
326	2	2011	5	1
326	3	2011	5	85
326	4	2011	5	256
326	5	2011	5	368
326	6	2011	5	10
326	7	2011	5	2
326	8	2011	5	217
326	9	2011	5	2947
326	10	2011	5	31
326	12	2011	5	488
326	13	2011	5	1185
326	1	2011	6	61
326	2	2011	6	3
326	3	2011	6	94
326	4	2011	6	248
326	5	2011	6	255
326	6	2011	6	7
326	8	2011	6	257
326	9	2011	6	2666
326	10	2011	6	34
326	11	2011	6	2
326	12	2011	6	383
326	13	2011	6	1154
327	3	2011	1	1
327	9	2011	1	1
327	9	2011	2	2
327	9	2011	3	2
327	9	2011	4	3
327	5	2011	5	2
327	9	2011	5	3
327	5	2011	6	1
327	9	2011	6	3
328	9	2011	1	1
328	8	2011	2	1
328	9	2011	3	3
328	9	2011	4	1
328	9	2011	5	4
328	9	2011	6	1
329	9	2011	1	2
329	9	2011	2	2
329	10	2011	2	1
329	1	2011	4	1
329	9	2011	4	1
329	9	2011	5	1
329	9	2011	6	1
330	1	2011	1	2
330	4	2011	1	1
330	9	2011	1	8
330	10	2011	1	1
330	13	2011	1	1
330	9	2011	2	6
330	13	2011	2	1
330	1	2011	3	1
330	3	2011	3	1
330	9	2011	3	9
330	5	2011	4	1
330	8	2011	4	1
330	9	2011	4	10
330	1	2011	5	2
330	3	2011	5	3
330	5	2011	5	2
330	9	2011	5	8
330	13	2011	5	1
330	1	2011	6	1
330	9	2011	6	7
331	9	2011	3	3
331	9	2011	5	2
331	9	2011	6	2
332	9	2011	2	1
332	12	2011	2	1
332	9	2011	3	3
332	9	2011	4	1
332	9	2011	5	3
332	9	2011	6	2
333	5	2011	1	1
333	9	2011	1	3
333	1	2011	2	1
333	9	2011	2	5
333	5	2011	3	1
333	9	2011	3	8
333	13	2011	3	1
333	1	2011	4	1
333	1	2011	5	1
333	9	2011	5	6
333	1	2011	6	1
333	12	2011	6	1
334	5	2011	1	1
334	9	2011	1	3
334	5	2011	2	1
334	1	2011	3	1
334	9	2011	3	2
334	1	2011	4	1
334	8	2011	4	1
334	5	2011	5	1
335	1	2011	1	1
335	8	2011	1	3
335	9	2011	1	10
335	9	2011	2	4
335	9	2011	3	12
335	10	2011	3	2
335	9	2011	4	11
335	1	2011	5	2
335	9	2011	5	7
335	12	2011	5	1
335	13	2011	5	1
335	9	2011	6	2
335	13	2011	6	1
336	1	2011	1	1
336	3	2011	1	1
336	5	2011	1	2
336	8	2011	1	1
336	9	2011	1	24
336	1	2011	2	3
336	3	2011	2	1
336	9	2011	2	21
336	10	2011	2	1
336	13	2011	2	1
336	3	2011	3	1
336	5	2011	3	2
336	8	2011	3	4
336	9	2011	3	31
336	13	2011	3	1
336	1	2011	4	2
336	4	2011	4	1
336	8	2011	4	1
336	9	2011	4	35
336	13	2011	4	1
336	1	2011	5	3
336	3	2011	5	1
336	4	2011	5	3
336	9	2011	5	26
336	13	2011	5	2
336	1	2011	6	2
336	3	2011	6	1
336	4	2011	6	2
336	5	2011	6	1
336	8	2011	6	1
336	9	2011	6	25
336	13	2011	6	3
337	9	2011	1	2
337	9	2011	2	3
337	9	2011	3	1
337	9	2011	5	2
337	9	2011	6	2
338	1	2011	1	1
338	9	2011	2	2
338	9	2011	3	1
338	1	2011	4	1
338	9	2011	4	2
338	1	2011	5	1
338	9	2011	5	2
338	9	2011	6	1
339	5	2011	1	1
339	9	2011	2	4
339	5	2011	3	1
339	9	2011	3	7
339	9	2011	4	1
339	8	2011	5	1
339	9	2011	5	1
340	9	2011	1	5
340	5	2011	2	2
340	9	2011	2	6
340	9	2011	3	4
340	10	2011	3	1
340	9	2011	4	6
340	13	2011	4	2
340	8	2011	5	1
340	9	2011	5	7
340	13	2011	5	1
340	8	2011	6	1
340	9	2011	6	1
341	9	2011	1	1
341	9	2011	2	2
341	12	2011	2	1
341	9	2011	3	2
341	9	2011	4	1
341	9	2011	6	1
342	1	2011	1	3
342	2	2011	1	1
342	9	2011	1	35
342	13	2011	1	6
342	1	2011	2	3
342	9	2011	2	25
342	13	2011	2	1
342	9	2011	3	23
342	13	2011	3	2
342	4	2011	4	1
342	8	2011	4	1
342	9	2011	4	28
342	12	2011	4	1
342	1	2011	5	1
342	5	2011	5	1
342	9	2011	5	23
342	1	2011	6	2
342	4	2011	6	1
342	9	2011	6	11
342	13	2011	6	1
343	9	2011	1	4
343	9	2011	2	1
343	9	2011	3	4
343	9	2011	4	2
343	1	2011	5	1
343	9	2011	5	3
343	9	2011	6	2
344	1	2011	1	6
344	3	2011	1	22
344	4	2011	1	17
344	5	2011	1	21
344	6	2011	1	1
344	8	2011	1	20
344	9	2011	1	276
344	12	2011	1	2
344	13	2011	1	53
344	1	2011	2	6
344	3	2011	2	29
344	4	2011	2	18
344	5	2011	2	12
344	8	2011	2	23
344	9	2011	2	265
344	10	2011	2	2
344	12	2011	2	1
344	13	2011	2	76
344	1	2011	3	4
344	3	2011	3	13
344	4	2011	3	19
344	5	2011	3	22
344	6	2011	3	2
344	8	2011	3	16
344	9	2011	3	313
344	10	2011	3	1
344	12	2011	3	2
344	13	2011	3	95
344	1	2011	4	8
344	3	2011	4	13
344	4	2011	4	13
344	5	2011	4	18
344	6	2011	4	1
344	8	2011	4	21
344	9	2011	4	274
344	10	2011	4	2
344	12	2011	4	1
344	13	2011	4	103
344	1	2011	5	8
344	3	2011	5	6
344	4	2011	5	24
344	5	2011	5	19
344	6	2011	5	2
344	8	2011	5	14
344	9	2011	5	318
344	10	2011	5	1
344	12	2011	5	2
344	13	2011	5	122
344	1	2011	6	3
344	3	2011	6	9
344	4	2011	6	26
344	5	2011	6	16
344	8	2011	6	10
344	9	2011	6	268
344	12	2011	6	3
344	13	2011	6	84
345	1	2011	1	1
345	2	2011	1	1
345	3	2011	1	7
345	5	2011	1	4
345	8	2011	1	2
345	9	2011	1	44
345	13	2011	1	3
345	1	2011	2	1
345	3	2011	2	2
345	4	2011	2	1
345	5	2011	2	2
345	9	2011	2	57
345	13	2011	2	9
345	3	2011	3	7
345	4	2011	3	1
345	9	2011	3	46
345	13	2011	3	5
345	1	2011	4	2
345	3	2011	4	5
345	4	2011	4	1
345	5	2011	4	3
345	9	2011	4	81
345	13	2011	4	4
345	3	2011	5	1
345	5	2011	5	1
345	8	2011	5	1
345	9	2011	5	77
345	13	2011	5	4
345	1	2011	6	2
345	3	2011	6	1
345	5	2011	6	1
345	8	2011	6	2
345	9	2011	6	53
345	13	2011	6	5
346	3	2011	1	2
346	9	2011	1	4
346	3	2011	2	1
346	9	2011	2	3
346	1	2011	3	1
346	9	2011	3	4
346	9	2011	4	6
346	3	2011	5	1
346	5	2011	5	1
346	9	2011	5	2
346	9	2011	6	4
347	8	2011	1	2
347	9	2011	1	16
347	5	2011	2	3
347	8	2011	2	1
347	9	2011	2	12
347	13	2011	2	1
347	1	2011	3	1
347	8	2011	3	2
347	9	2011	3	16
347	9	2011	4	9
347	13	2011	4	4
347	9	2011	5	10
347	5	2011	6	3
347	9	2011	6	3
347	13	2011	6	1
348	5	2011	1	1
348	9	2011	1	5
348	4	2011	2	1
348	9	2011	2	2
348	9	2011	3	1
348	5	2011	4	1
348	9	2011	4	7
348	9	2011	5	4
348	9	2011	6	2
349	9	2011	1	4
349	1	2011	2	1
349	9	2011	2	1
349	1	2011	3	1
349	8	2011	3	1
349	9	2011	3	1
349	9	2011	4	2
349	9	2011	5	2
350	1	2011	1	2
350	3	2011	1	2
350	5	2011	1	1
350	9	2011	1	5
350	13	2011	1	1
350	3	2011	2	4
350	8	2011	2	2
350	9	2011	2	14
350	13	2011	2	1
350	1	2011	3	1
350	2	2011	3	1
350	3	2011	3	2
350	4	2011	3	1
350	5	2011	3	4
350	8	2011	3	1
350	9	2011	3	19
350	12	2011	3	1
350	13	2011	3	1
350	1	2011	4	1
350	3	2011	4	1
350	5	2011	4	1
350	9	2011	4	11
350	10	2011	4	1
350	13	2011	4	1
350	3	2011	5	3
350	5	2011	5	1
350	9	2011	5	11
350	10	2011	5	1
350	13	2011	5	1
350	2	2011	6	1
350	3	2011	6	1
350	4	2011	6	1
350	8	2011	6	1
350	9	2011	6	9
350	10	2011	6	1
350	12	2011	6	1
350	13	2011	6	3
351	3	2011	1	1
351	5	2011	1	1
351	9	2011	1	9
351	13	2011	1	3
351	4	2011	2	2
351	5	2011	2	1
351	9	2011	2	4
351	5	2011	3	1
351	9	2011	3	2
351	10	2011	3	1
351	5	2011	4	1
351	8	2011	4	1
351	9	2011	4	7
351	13	2011	4	1
351	4	2011	5	1
351	5	2011	5	1
351	8	2011	5	2
351	9	2011	5	9
351	5	2011	6	5
351	8	2011	6	1
351	9	2011	6	4
351	13	2011	6	1
352	5	2011	1	1
352	9	2011	1	3
352	5	2011	2	1
352	9	2011	2	5
352	13	2011	2	2
352	1	2011	3	1
352	9	2011	3	3
352	12	2011	3	1
352	5	2011	4	1
352	9	2011	4	3
352	8	2011	5	1
352	9	2011	5	6
352	9	2011	6	2
353	9	2011	1	4
353	9	2011	2	3
353	1	2011	3	1
353	9	2011	3	6
353	10	2011	3	1
353	5	2011	4	1
353	9	2011	4	4
353	9	2011	5	6
353	5	2011	6	1
353	9	2011	6	4
353	13	2011	6	1
354	1	2011	1	2
354	3	2011	1	3
354	4	2011	1	4
354	5	2011	1	4
354	8	2011	1	1
354	9	2011	1	72
354	10	2011	1	1
354	13	2011	1	2
354	1	2011	2	6
354	3	2011	2	3
354	4	2011	2	1
354	5	2011	2	12
354	6	2011	2	1
354	8	2011	2	6
354	9	2011	2	61
354	13	2011	2	2
354	1	2011	3	2
354	3	2011	3	2
354	4	2011	3	4
354	5	2011	3	9
354	6	2011	3	1
354	9	2011	3	68
354	10	2011	3	1
354	13	2011	3	7
354	1	2011	4	1
354	3	2011	4	2
354	4	2011	4	2
354	5	2011	4	2
354	9	2011	4	69
354	13	2011	4	6
354	1	2011	5	2
354	3	2011	5	2
354	5	2011	5	6
354	9	2011	5	75
354	13	2011	5	1
354	1	2011	6	3
354	3	2011	6	2
354	4	2011	6	1
354	5	2011	6	2
354	8	2011	6	1
354	9	2011	6	96
354	13	2011	6	6
355	9	2011	2	1
355	9	2011	5	3
356	8	2011	1	1
356	9	2011	2	5
356	5	2011	3	2
356	9	2011	3	4
356	9	2011	4	2
356	9	2011	5	3
357	4	2011	1	3
357	9	2011	1	25
357	1	2011	2	2
357	4	2011	2	2
357	8	2011	2	1
357	9	2011	2	16
357	13	2011	2	1
357	5	2011	3	2
357	8	2011	3	1
357	9	2011	3	14
357	4	2011	4	1
357	8	2011	4	1
357	9	2011	4	21
357	1	2011	5	1
357	9	2011	5	16
357	4	2011	6	1
357	9	2011	6	3
358	9	2011	2	3
358	5	2011	3	1
358	9	2011	3	5
358	9	2011	4	1
358	9	2011	5	1
359	3	2011	1	1
359	9	2011	2	2
359	13	2011	2	1
359	1	2011	3	1
359	9	2011	3	3
359	1	2011	4	1
359	9	2011	4	5
359	9	2011	5	6
359	1	2011	6	1
359	9	2011	6	3
360	1	2011	1	1
360	5	2011	1	1
360	9	2011	1	3
360	13	2011	1	2
387	13	2011	2	5
360	1	2011	2	1
360	8	2011	2	2
360	9	2011	2	5
360	1	2011	3	2
360	5	2011	3	1
360	9	2011	3	11
360	12	2011	3	2
360	13	2011	3	1
360	4	2011	4	1
360	5	2011	4	1
360	9	2011	4	4
360	13	2011	4	5
360	1	2011	5	1
360	5	2011	5	1
360	8	2011	5	1
360	9	2011	5	8
360	13	2011	5	3
360	1	2011	6	2
360	8	2011	6	3
360	9	2011	6	11
361	6	2011	1	1
361	9	2011	1	7
361	5	2011	2	2
361	8	2011	2	1
399	13	2011	3	168
361	9	2011	2	7
361	1	2011	3	1
361	3	2011	3	1
361	5	2011	3	1
361	9	2011	3	8
361	9	2011	4	3
361	1	2011	5	1
361	8	2011	5	1
361	9	2011	5	8
361	13	2011	5	1
361	1	2011	6	2
361	5	2011	6	1
361	9	2011	6	2
362	9	2011	1	1
362	10	2011	1	1
362	9	2011	2	1
362	9	2011	3	1
362	1	2011	4	1
363	9	2011	1	5
363	13	2011	2	1
363	9	2011	3	4
363	9	2011	5	6
363	9	2011	6	4
364	1	2011	1	2
364	3	2011	1	10
364	4	2011	1	10
364	5	2011	1	9
364	8	2011	1	8
364	9	2011	1	185
364	10	2011	1	1
364	13	2011	1	20
364	1	2011	2	7
364	2	2011	2	1
364	3	2011	2	7
364	4	2011	2	8
364	5	2011	2	10
364	6	2011	2	1
364	8	2011	2	19
364	9	2011	2	154
364	10	2011	2	1
364	12	2011	2	4
364	13	2011	2	18
364	1	2011	3	3
364	3	2011	3	7
364	4	2011	3	6
364	5	2011	3	13
364	6	2011	3	1
364	8	2011	3	29
364	9	2011	3	183
364	10	2011	3	1
364	12	2011	3	3
364	13	2011	3	24
364	1	2011	4	4
364	3	2011	4	9
364	4	2011	4	5
364	5	2011	4	12
364	8	2011	4	17
364	9	2011	4	173
364	10	2011	4	1
364	13	2011	4	26
364	1	2011	5	6
364	3	2011	5	16
364	4	2011	5	5
364	5	2011	5	7
364	8	2011	5	21
364	9	2011	5	146
364	12	2011	5	1
364	13	2011	5	22
364	1	2011	6	2
364	3	2011	6	10
364	4	2011	6	3
364	5	2011	6	9
402	5	2011	4	2
364	8	2011	6	26
364	9	2011	6	112
364	12	2011	6	3
364	13	2011	6	27
365	9	2011	2	1
365	9	2011	3	2
365	9	2011	4	2
365	9	2011	5	3
366	1	2011	1	9
366	2	2011	1	1
366	3	2011	1	37
366	4	2011	1	9
366	5	2011	1	41
366	8	2011	1	23
366	9	2011	1	365
366	10	2011	1	2
366	12	2011	1	1
366	13	2011	1	83
366	1	2011	2	4
366	3	2011	2	27
366	4	2011	2	17
366	5	2011	2	47
366	6	2011	2	2
366	8	2011	2	29
366	9	2011	2	332
366	10	2011	2	2
366	12	2011	2	4
366	13	2011	2	68
366	1	2011	3	10
366	3	2011	3	42
366	4	2011	3	12
366	5	2011	3	41
366	8	2011	3	30
366	9	2011	3	359
366	12	2011	3	4
366	13	2011	3	115
366	1	2011	4	14
366	3	2011	4	46
366	4	2011	4	14
366	5	2011	4	30
366	6	2011	4	2
366	8	2011	4	50
366	9	2011	4	383
366	10	2011	4	1
366	12	2011	4	8
366	13	2011	4	102
366	1	2011	5	11
366	3	2011	5	43
366	4	2011	5	9
366	5	2011	5	36
366	8	2011	5	50
366	9	2011	5	367
366	10	2011	5	2
366	12	2011	5	7
366	13	2011	5	163
366	1	2011	6	15
366	3	2011	6	40
366	4	2011	6	26
366	5	2011	6	17
366	6	2011	6	1
366	7	2011	6	1
366	8	2011	6	38
366	9	2011	6	341
366	10	2011	6	2
366	11	2011	6	1
366	12	2011	6	3
366	13	2011	6	104
367	1	2011	2	1
367	9	2011	3	2
367	9	2011	4	1
367	8	2011	5	1
367	9	2011	5	3
367	13	2011	6	1
370	1	2011	1	1
370	3	2011	1	9
370	4	2011	1	6
370	5	2011	1	3
370	8	2011	1	3
370	9	2011	1	95
370	13	2011	1	7
370	1	2011	2	6
370	3	2011	2	1
370	4	2011	2	6
370	5	2011	2	10
370	6	2011	2	1
370	8	2011	2	3
370	9	2011	2	94
370	13	2011	2	5
370	1	2011	3	4
370	3	2011	3	12
370	4	2011	3	7
370	5	2011	3	7
370	8	2011	3	14
370	9	2011	3	91
370	12	2011	3	1
370	13	2011	3	5
370	1	2011	4	2
370	3	2011	4	6
370	4	2011	4	9
370	5	2011	4	2
370	8	2011	4	4
370	9	2011	4	75
370	10	2011	4	1
370	13	2011	4	4
443	5	2011	5	4
370	1	2011	5	3
370	2	2011	5	1
370	3	2011	5	12
370	4	2011	5	2
370	5	2011	5	7
370	8	2011	5	4
370	9	2011	5	48
370	13	2011	5	9
370	1	2011	6	3
370	2	2011	6	1
370	3	2011	6	5
370	5	2011	6	2
370	8	2011	6	1
370	9	2011	6	55
370	13	2011	6	6
371	9	2011	1	2
371	13	2011	1	1
371	9	2011	2	2
371	9	2011	3	1
371	9	2011	4	1
371	9	2011	6	1
372	1	2011	1	1
372	2	2011	1	1
372	3	2011	1	6
372	5	2011	1	1
372	8	2011	1	5
372	9	2011	1	61
372	10	2011	1	1
372	12	2011	1	1
372	13	2011	1	2
372	1	2011	2	2
372	3	2011	2	2
372	4	2011	2	1
372	8	2011	2	1
372	9	2011	2	42
372	13	2011	2	1
372	3	2011	3	2
372	4	2011	3	1
372	5	2011	3	1
372	6	2011	3	1
372	8	2011	3	2
372	9	2011	3	52
372	13	2011	3	4
372	1	2011	4	2
372	5	2011	4	2
372	8	2011	4	2
372	9	2011	4	34
372	11	2011	4	1
372	13	2011	4	1
372	1	2011	5	1
372	5	2011	5	2
372	6	2011	5	1
372	8	2011	5	1
372	9	2011	5	65
372	13	2011	5	5
372	3	2011	6	2
372	4	2011	6	1
372	9	2011	6	49
372	13	2011	6	5
368	9	2011	1	2
368	9	2011	2	3
368	1	2011	3	2
368	8	2011	3	1
368	9	2011	3	3
368	5	2011	4	1
368	9	2011	4	5
368	12	2011	4	1
368	1	2011	5	1
368	9	2011	5	2
368	8	2011	6	1
368	9	2011	6	1
369	1	2011	1	4
369	3	2011	1	1
369	4	2011	1	2
369	5	2011	1	3
369	8	2011	1	11
369	9	2011	1	113
369	12	2011	1	2
369	13	2011	1	11
369	1	2011	2	7
369	3	2011	2	4
369	4	2011	2	3
369	5	2011	2	4
369	8	2011	2	8
369	9	2011	2	118
369	12	2011	2	1
369	13	2011	2	12
369	1	2011	3	8
369	3	2011	3	6
369	4	2011	3	3
369	5	2011	3	1
369	8	2011	3	19
369	9	2011	3	93
369	10	2011	3	1
369	13	2011	3	7
369	1	2011	4	1
369	3	2011	4	3
369	4	2011	4	5
369	5	2011	4	6
369	8	2011	4	10
369	9	2011	4	101
369	12	2011	4	1
369	13	2011	4	3
369	1	2011	5	3
369	2	2011	5	1
369	3	2011	5	1
369	4	2011	5	3
369	5	2011	5	6
369	6	2011	5	1
369	8	2011	5	10
369	9	2011	5	118
369	10	2011	5	1
369	12	2011	5	2
369	13	2011	5	11
369	1	2011	6	4
369	3	2011	6	4
369	4	2011	6	7
369	5	2011	6	4
369	8	2011	6	16
369	9	2011	6	90
369	12	2011	6	1
369	13	2011	6	11
373	1	2011	1	1
373	3	2011	1	6
373	5	2011	1	16
373	8	2011	1	2
373	9	2011	1	64
373	13	2011	1	1
373	1	2011	2	4
373	3	2011	2	3
373	4	2011	2	2
373	5	2011	2	6
373	9	2011	2	52
373	13	2011	2	2
373	1	2011	3	4
373	3	2011	3	6
373	4	2011	3	4
373	5	2011	3	6
373	8	2011	3	3
373	9	2011	3	57
373	12	2011	3	1
373	13	2011	3	1
373	1	2011	4	2
373	3	2011	4	2
373	4	2011	4	4
373	5	2011	4	10
373	9	2011	4	57
373	13	2011	4	8
373	1	2011	5	2
373	3	2011	5	1
373	4	2011	5	3
373	5	2011	5	10
373	9	2011	5	54
373	13	2011	5	8
373	1	2011	6	5
373	3	2011	6	2
373	5	2011	6	7
373	6	2011	6	1
373	8	2011	6	1
373	9	2011	6	57
373	13	2011	6	7
374	1	2011	1	6
374	3	2011	1	3
374	4	2011	1	1
374	5	2011	1	2
374	8	2011	1	3
374	9	2011	1	136
374	10	2011	1	1
374	13	2011	1	20
374	1	2011	2	8
374	3	2011	2	3
374	5	2011	2	17
374	8	2011	2	2
374	9	2011	2	101
374	13	2011	2	13
374	1	2011	3	12
374	3	2011	3	1
374	4	2011	3	2
374	5	2011	3	6
374	6	2011	3	1
374	8	2011	3	3
374	9	2011	3	142
374	13	2011	3	12
374	1	2011	4	4
374	3	2011	4	1
374	4	2011	4	2
374	5	2011	4	4
374	8	2011	4	4
374	9	2011	4	113
374	13	2011	4	15
374	1	2011	5	5
374	3	2011	5	3
374	4	2011	5	3
374	5	2011	5	7
374	6	2011	5	1
374	8	2011	5	6
374	9	2011	5	101
374	12	2011	5	1
374	13	2011	5	16
374	1	2011	6	4
374	3	2011	6	1
374	4	2011	6	1
374	5	2011	6	8
374	6	2011	6	1
374	8	2011	6	3
374	9	2011	6	122
374	13	2011	6	22
375	1	2011	1	2
375	3	2011	1	5
375	5	2011	1	2
375	9	2011	1	27
375	10	2011	1	1
375	12	2011	1	1
375	13	2011	1	5
375	1	2011	2	1
375	3	2011	2	1
375	4	2011	2	1
375	5	2011	2	3
375	8	2011	2	1
375	9	2011	2	17
375	10	2011	2	1
375	12	2011	2	1
375	13	2011	2	6
375	1	2011	3	1
375	3	2011	3	1
375	4	2011	3	6
375	8	2011	3	2
375	9	2011	3	42
375	13	2011	3	3
375	1	2011	4	2
375	4	2011	4	2
375	5	2011	4	1
375	6	2011	4	1
375	8	2011	4	2
375	9	2011	4	39
375	12	2011	4	1
375	13	2011	4	1
375	1	2011	5	1
375	3	2011	5	2
375	4	2011	5	3
375	5	2011	5	1
375	8	2011	5	1
375	9	2011	5	54
375	13	2011	5	5
375	1	2011	6	1
375	3	2011	6	1
375	5	2011	6	3
375	8	2011	6	4
375	9	2011	6	41
375	13	2011	6	3
376	5	2011	1	1
376	9	2011	1	8
376	13	2011	1	1
376	1	2011	2	1
376	9	2011	2	5
376	13	2011	2	1
376	1	2011	3	3
376	5	2011	3	1
376	9	2011	3	12
376	13	2011	3	1
376	3	2011	4	1
376	4	2011	4	1
376	5	2011	4	3
376	9	2011	4	12
376	1	2011	5	2
376	5	2011	5	1
376	9	2011	5	14
376	10	2011	5	1
376	13	2011	5	2
376	1	2011	6	3
376	3	2011	6	1
376	9	2011	6	14
376	13	2011	6	1
377	9	2011	1	1
377	9	2011	2	1
377	9	2011	3	2
377	13	2011	3	1
377	9	2011	4	3
377	9	2011	5	4
377	9	2011	6	2
378	9	2011	1	4
378	9	2011	4	3
378	9	2011	5	1
378	1	2011	6	1
378	9	2011	6	1
378	10	2011	6	1
379	1	2011	1	2
379	6	2011	1	1
379	9	2011	1	11
379	13	2011	1	2
379	4	2011	2	2
379	5	2011	2	3
379	6	2011	2	1
379	9	2011	2	4
379	13	2011	2	1
379	1	2011	3	1
379	3	2011	3	1
379	4	2011	3	2
379	9	2011	3	8
379	13	2011	3	1
379	1	2011	4	2
379	5	2011	4	1
379	9	2011	4	12
379	3	2011	5	1
379	8	2011	5	1
379	9	2011	5	14
379	13	2011	5	1
379	3	2011	6	1
379	4	2011	6	1
379	8	2011	6	2
379	9	2011	6	12
379	13	2011	6	2
380	3	2011	1	3
380	9	2011	1	8
380	5	2011	2	1
380	9	2011	2	6
380	3	2011	3	1
380	8	2011	3	1
380	9	2011	3	5
380	13	2011	3	1
380	8	2011	4	1
380	9	2011	4	6
380	3	2011	5	2
380	4	2011	5	1
380	5	2011	5	1
380	9	2011	5	6
380	1	2011	6	1
380	3	2011	6	1
380	5	2011	6	1
380	9	2011	6	7
381	1	2011	1	1
381	9	2011	2	2
381	9	2011	5	3
382	1	2011	1	5
382	3	2011	1	4
382	5	2011	1	4
382	8	2011	1	1
382	9	2011	1	77
382	13	2011	1	5
382	1	2011	2	2
382	5	2011	2	1
382	8	2011	2	9
382	9	2011	2	58
382	10	2011	2	2
382	13	2011	2	5
382	3	2011	3	3
382	4	2011	3	1
382	5	2011	3	3
382	6	2011	3	1
382	8	2011	3	2
382	9	2011	3	91
382	13	2011	3	8
382	1	2011	4	2
382	3	2011	4	13
382	4	2011	4	10
382	5	2011	4	2
382	8	2011	4	3
382	9	2011	4	78
382	13	2011	4	10
382	1	2011	5	4
382	3	2011	5	6
382	4	2011	5	6
382	6	2011	5	1
382	8	2011	5	4
382	9	2011	5	72
382	13	2011	5	7
382	1	2011	6	4
382	3	2011	6	3
382	4	2011	6	4
382	5	2011	6	5
382	8	2011	6	1
382	9	2011	6	91
382	10	2011	6	2
382	13	2011	6	5
383	9	2011	1	1
383	9	2011	3	3
383	1	2011	5	1
383	9	2011	5	1
383	9	2011	6	1
384	1	2011	1	2
384	5	2011	1	3
384	9	2011	1	23
384	13	2011	1	1
384	1	2011	2	1
384	9	2011	2	22
384	13	2011	2	1
384	1	2011	3	4
384	3	2011	3	1
384	5	2011	3	1
384	8	2011	3	1
384	9	2011	3	15
384	1	2011	4	1
384	3	2011	4	1
384	9	2011	4	13
384	1	2011	5	4
384	3	2011	5	1
384	9	2011	5	16
384	1	2011	6	1
384	5	2011	6	1
384	9	2011	6	9
384	13	2011	6	2
385	1	2011	1	3
385	5	2011	1	3
385	8	2011	1	1
385	9	2011	1	36
385	1	2011	2	3
385	3	2011	2	1
385	4	2011	2	1
385	5	2011	2	2
385	9	2011	2	40
385	12	2011	2	4
385	13	2011	2	2
385	1	2011	3	3
385	4	2011	3	1
385	5	2011	3	4
385	9	2011	3	38
385	12	2011	3	1
385	13	2011	3	10
385	3	2011	4	1
385	8	2011	4	1
385	9	2011	4	41
385	13	2011	4	2
385	5	2011	5	1
385	9	2011	5	36
385	13	2011	5	7
385	1	2011	6	2
385	3	2011	6	1
385	9	2011	6	19
385	10	2011	6	1
385	12	2011	6	1
385	13	2011	6	1
386	1	2011	1	4
386	5	2011	1	2
386	8	2011	1	2
386	9	2011	1	52
386	13	2011	1	3
386	1	2011	2	4
386	3	2011	2	2
386	4	2011	2	1
386	5	2011	2	7
386	9	2011	2	66
386	10	2011	2	1
386	13	2011	2	10
386	1	2011	3	1
386	3	2011	3	8
386	4	2011	3	2
386	5	2011	3	3
386	6	2011	3	1
386	9	2011	3	51
386	13	2011	3	9
386	1	2011	4	1
386	3	2011	4	2
386	5	2011	4	3
386	9	2011	4	74
386	13	2011	4	12
386	1	2011	5	2
386	3	2011	5	7
386	4	2011	5	1
386	5	2011	5	3
386	8	2011	5	3
386	9	2011	5	92
386	13	2011	5	6
386	1	2011	6	2
386	3	2011	6	4
386	4	2011	6	1
386	5	2011	6	1
386	8	2011	6	2
386	9	2011	6	76
386	10	2011	6	1
386	13	2011	6	18
387	1	2011	1	3
387	3	2011	1	6
387	4	2011	1	5
387	5	2011	1	3
387	9	2011	1	30
387	12	2011	1	1
387	13	2011	1	2
387	3	2011	2	2
387	4	2011	2	4
387	5	2011	2	3
387	8	2011	2	1
387	9	2011	2	25
387	1	2011	3	1
387	3	2011	3	1
387	4	2011	3	3
387	5	2011	3	1
387	8	2011	3	1
387	9	2011	3	27
387	12	2011	3	2
387	13	2011	3	3
387	1	2011	4	3
387	3	2011	4	1
387	4	2011	4	5
387	9	2011	4	36
387	13	2011	4	8
387	1	2011	5	4
387	3	2011	5	2
387	4	2011	5	3
387	5	2011	5	3
387	9	2011	5	29
387	13	2011	5	3
387	1	2011	6	1
387	3	2011	6	1
387	4	2011	6	7
387	5	2011	6	1
387	8	2011	6	1
387	9	2011	6	29
388	9	2011	1	3
388	9	2011	2	4
388	13	2011	2	1
388	9	2011	3	1
388	1	2011	4	1
388	9	2011	4	1
388	12	2011	4	1
388	1	2011	5	1
388	9	2011	6	1
389	9	2011	1	1
389	9	2011	2	3
389	1	2011	3	1
389	9	2011	3	3
389	9	2011	4	5
389	9	2011	5	2
389	1	2011	6	1
389	9	2011	6	3
390	9	2011	1	1
390	1	2011	2	1
390	9	2011	2	2
390	9	2011	3	3
390	9	2011	4	2
390	9	2011	5	2
391	9	2011	3	1
391	9	2011	5	4
392	9	2011	1	2
392	13	2011	1	1
392	5	2011	2	1
392	1	2011	3	1
392	9	2011	3	3
392	9	2011	4	5
411	9	2011	1	29
392	1	2011	5	1
392	9	2011	5	2
392	12	2011	5	1
392	9	2011	6	4
393	9	2011	1	2
393	13	2011	1	2
393	9	2011	2	1
393	9	2011	3	2
393	8	2011	5	1
393	9	2011	5	2
393	9	2011	6	4
394	9	2011	4	1
395	3	2011	1	2
395	4	2011	1	1
395	5	2011	1	1
395	6	2011	1	1
395	9	2011	1	27
395	13	2011	1	2
395	1	2011	2	1
395	9	2011	2	43
395	13	2011	2	1
395	3	2011	3	1
395	5	2011	3	1
395	9	2011	3	28
395	13	2011	3	5
395	1	2011	4	1
395	5	2011	4	1
395	6	2011	4	2
395	8	2011	4	2
395	9	2011	4	36
395	13	2011	4	2
395	3	2011	5	3
395	4	2011	5	1
395	5	2011	5	1
395	9	2011	5	47
395	13	2011	5	6
395	1	2011	6	1
395	3	2011	6	5
395	4	2011	6	2
395	5	2011	6	1
395	9	2011	6	54
395	10	2011	6	1
395	13	2011	6	3
396	1	2011	1	2
396	4	2011	1	1
396	9	2011	1	12
396	5	2011	2	1
396	9	2011	2	8
396	5	2011	3	1
396	9	2011	3	8
396	5	2011	4	1
396	9	2011	4	6
396	13	2011	4	1
396	5	2011	5	1
396	9	2011	5	8
396	13	2011	5	1
396	1	2011	6	1
396	9	2011	6	2
398	5	2011	1	1
398	9	2011	1	2
398	1	2011	3	1
398	9	2011	4	2
398	9	2011	5	1
398	9	2011	6	2
397	1	2011	1	1
397	9	2011	1	4
397	13	2011	1	1
397	1	2011	2	1
397	5	2011	2	1
397	9	2011	2	5
397	1	2011	3	1
397	9	2011	3	2
397	9	2011	4	1
397	9	2011	5	3
397	1	2011	6	2
397	9	2011	6	2
399	1	2011	1	15
399	3	2011	1	34
399	4	2011	1	6
399	5	2011	1	22
399	8	2011	1	46
399	9	2011	1	334
399	10	2011	1	5
399	12	2011	1	22
399	13	2011	1	101
399	1	2011	2	16
399	3	2011	2	20
399	4	2011	2	8
399	5	2011	2	40
399	6	2011	2	1
399	8	2011	2	39
399	9	2011	2	366
399	10	2011	2	4
399	12	2011	2	20
399	13	2011	2	130
399	1	2011	3	10
399	3	2011	3	25
399	4	2011	3	16
399	5	2011	3	22
399	6	2011	3	1
399	8	2011	3	38
399	9	2011	3	376
399	10	2011	3	3
399	12	2011	3	34
399	1	2011	4	19
399	3	2011	4	34
399	4	2011	4	16
399	5	2011	4	38
399	6	2011	4	2
399	8	2011	4	51
399	9	2011	4	302
399	10	2011	4	6
399	12	2011	4	27
399	13	2011	4	125
399	1	2011	5	13
399	3	2011	5	36
399	4	2011	5	18
399	5	2011	5	33
399	6	2011	5	2
399	8	2011	5	45
399	9	2011	5	325
399	10	2011	5	6
399	12	2011	5	26
399	13	2011	5	122
399	1	2011	6	6
399	2	2011	6	1
399	3	2011	6	34
399	4	2011	6	26
399	5	2011	6	25
399	8	2011	6	43
399	9	2011	6	310
399	10	2011	6	6
399	12	2011	6	20
399	13	2011	6	148
400	1	2011	1	1
400	3	2011	1	1
400	4	2011	1	3
400	5	2011	1	4
400	8	2011	1	1
400	9	2011	1	68
400	13	2011	1	4
400	1	2011	2	3
400	8	2011	2	1
400	9	2011	2	46
400	13	2011	2	3
400	3	2011	3	3
400	4	2011	3	1
400	5	2011	3	1
400	9	2011	3	47
400	13	2011	3	3
400	3	2011	4	3
400	4	2011	4	2
400	5	2011	4	3
400	8	2011	4	1
400	9	2011	4	30
400	12	2011	4	1
400	13	2011	4	1
400	3	2011	5	1
400	4	2011	5	1
400	5	2011	5	3
400	6	2011	5	1
400	8	2011	5	2
400	9	2011	5	44
400	13	2011	5	2
400	1	2011	6	1
400	3	2011	6	3
400	5	2011	6	2
400	8	2011	6	2
400	9	2011	6	29
400	13	2011	6	3
401	1	2011	1	7
401	3	2011	1	1
401	5	2011	1	8
401	9	2011	1	41
401	10	2011	1	1
401	13	2011	1	5
401	1	2011	2	5
401	3	2011	2	2
401	4	2011	2	3
401	5	2011	2	3
401	8	2011	2	1
401	9	2011	2	67
401	10	2011	2	1
401	13	2011	2	7
401	1	2011	3	4
401	3	2011	3	2
401	4	2011	3	4
401	5	2011	3	1
401	8	2011	3	2
401	9	2011	3	56
401	12	2011	3	1
401	13	2011	3	2
401	1	2011	4	3
401	2	2011	4	1
401	3	2011	4	3
401	4	2011	4	5
401	5	2011	4	4
401	8	2011	4	1
401	9	2011	4	53
401	10	2011	4	1
401	12	2011	4	2
401	13	2011	4	2
401	1	2011	5	3
401	2	2011	5	1
401	3	2011	5	1
401	4	2011	5	4
401	5	2011	5	2
401	9	2011	5	85
401	12	2011	5	1
401	13	2011	5	6
401	1	2011	6	4
401	3	2011	6	1
401	4	2011	6	5
401	5	2011	6	2
401	8	2011	6	1
401	9	2011	6	64
401	10	2011	6	2
401	13	2011	6	5
402	1	2011	1	2
402	3	2011	1	1
402	4	2011	1	1
402	5	2011	1	1
402	8	2011	1	2
402	9	2011	1	28
402	13	2011	1	3
402	1	2011	2	1
402	3	2011	2	3
402	4	2011	2	2
402	5	2011	2	1
402	9	2011	2	12
402	13	2011	2	1
402	1	2011	3	2
402	5	2011	3	1
402	9	2011	3	7
402	13	2011	3	2
402	3	2011	4	1
402	4	2011	4	2
402	8	2011	4	1
402	9	2011	4	16
402	13	2011	4	3
402	5	2011	5	2
402	9	2011	5	18
402	13	2011	5	3
402	1	2011	6	2
402	8	2011	6	2
402	9	2011	6	19
402	13	2011	6	2
403	9	2011	1	4
403	9	2011	2	2
403	9	2011	3	4
403	5	2011	4	1
403	9	2011	4	1
403	9	2011	5	2
403	13	2011	5	1
403	9	2011	6	4
404	9	2011	1	7
404	8	2011	2	1
404	9	2011	2	2
404	13	2011	2	1
404	9	2011	3	8
404	9	2011	4	8
404	1	2011	5	1
404	9	2011	5	8
404	9	2011	6	4
405	9	2011	1	5
405	13	2011	1	1
405	9	2011	2	3
405	13	2011	2	3
405	9	2011	3	3
405	10	2011	3	1
405	9	2011	4	3
405	8	2011	5	1
405	9	2011	5	6
405	13	2011	5	1
405	5	2011	6	1
405	9	2011	6	2
406	3	2011	1	1
406	9	2011	1	12
406	13	2011	1	1
406	9	2011	2	9
406	1	2011	3	1
406	5	2011	3	1
406	9	2011	3	14
406	13	2011	3	1
406	1	2011	4	2
406	5	2011	4	1
406	9	2011	4	10
406	1	2011	5	1
406	8	2011	5	1
406	9	2011	5	10
406	1	2011	6	1
406	9	2011	6	15
407	9	2011	1	2
407	9	2011	2	2
407	9	2011	3	1
407	9	2011	4	2
407	13	2011	5	1
407	9	2011	6	2
408	9	2011	2	1
408	5	2011	3	1
408	3	2011	5	1
409	5	2011	1	1
409	1	2011	3	1
409	9	2011	4	3
409	9	2011	5	2
410	9	2011	1	3
410	9	2011	2	1
410	9	2011	3	3
410	9	2011	4	1
410	9	2011	6	1
411	1	2011	1	1
411	5	2011	1	4
411	13	2011	1	5
411	4	2011	2	1
411	9	2011	2	37
411	13	2011	2	4
411	1	2011	3	2
411	5	2011	3	1
411	8	2011	3	2
411	9	2011	3	30
411	13	2011	3	4
411	5	2011	4	1
411	9	2011	4	31
411	13	2011	4	1
411	3	2011	5	1
411	4	2011	5	2
411	9	2011	5	41
411	13	2011	5	2
411	1	2011	6	1
411	5	2011	6	2
411	9	2011	6	20
411	13	2011	6	5
412	1	2011	1	2
412	3	2011	1	2
412	4	2011	1	1
412	5	2011	1	4
412	8	2011	1	2
412	9	2011	1	34
412	13	2011	1	3
484	5	2011	3	1
412	1	2011	2	1
412	3	2011	2	2
412	4	2011	2	3
412	5	2011	2	2
412	9	2011	2	20
412	12	2011	2	1
412	13	2011	2	5
412	1	2011	3	1
412	3	2011	3	7
412	4	2011	3	3
412	5	2011	3	4
412	9	2011	3	25
412	4	2011	4	3
412	5	2011	4	2
412	8	2011	4	1
412	9	2011	4	32
412	12	2011	4	1
412	13	2011	4	1
412	4	2011	5	2
412	8	2011	5	1
412	9	2011	5	24
412	12	2011	5	1
412	13	2011	5	2
412	1	2011	6	1
412	4	2011	6	3
412	5	2011	6	3
412	9	2011	6	27
412	13	2011	6	9
413	1	2011	1	2
413	3	2011	1	2
413	4	2011	1	2
413	9	2011	1	30
413	10	2011	1	1
413	13	2011	1	2
413	3	2011	2	2
413	4	2011	2	2
413	5	2011	2	1
413	8	2011	2	2
413	9	2011	2	23
413	13	2011	2	1
413	1	2011	3	4
413	3	2011	3	4
413	4	2011	3	2
413	9	2011	3	24
413	12	2011	3	1
413	13	2011	3	1
413	1	2011	4	5
413	3	2011	4	1
413	9	2011	4	26
413	13	2011	4	2
413	4	2011	5	1
413	5	2011	5	1
413	9	2011	5	53
413	1	2011	6	3
413	5	2011	6	2
413	9	2011	6	25
413	10	2011	6	1
413	13	2011	6	2
414	9	2011	1	2
414	9	2011	2	1
414	9	2011	3	1
414	8	2011	4	1
414	9	2011	4	2
414	9	2011	5	2
414	1	2011	6	1
414	3	2011	6	1
415	9	2011	1	1
415	1	2011	3	1
415	13	2011	5	1
415	9	2011	6	1
416	9	2011	2	1
416	9	2011	3	1
416	9	2011	4	1
417	9	2011	1	2
417	9	2011	2	2
417	8	2011	3	2
417	9	2011	3	1
417	9	2011	4	3
417	9	2011	5	3
418	5	2011	1	1
418	9	2011	1	9
418	1	2011	2	1
418	4	2011	2	1
418	5	2011	2	1
418	9	2011	2	8
418	1	2011	3	1
418	4	2011	3	1
418	5	2011	3	3
418	8	2011	3	1
418	9	2011	3	11
418	13	2011	3	1
418	8	2011	4	2
418	9	2011	4	12
418	1	2011	5	2
418	8	2011	5	1
418	9	2011	5	4
418	10	2011	5	1
418	1	2011	6	1
418	9	2011	6	12
419	1	2011	1	3
419	3	2011	1	13
419	4	2011	1	2
419	5	2011	1	1
419	8	2011	1	5
419	9	2011	1	85
419	13	2011	1	21
419	1	2011	2	1
419	3	2011	2	7
419	4	2011	2	2
419	5	2011	2	4
419	8	2011	2	4
419	9	2011	2	73
419	12	2011	2	4
419	13	2011	2	17
419	1	2011	3	1
419	2	2011	3	1
419	3	2011	3	14
419	5	2011	3	9
419	8	2011	3	6
419	9	2011	3	108
419	10	2011	3	2
419	12	2011	3	2
419	13	2011	3	11
419	1	2011	4	3
419	3	2011	4	23
419	4	2011	4	4
419	5	2011	4	5
419	8	2011	4	12
419	9	2011	4	96
419	10	2011	4	2
419	12	2011	4	1
419	13	2011	4	30
419	1	2011	5	3
419	2	2011	5	1
419	3	2011	5	13
419	4	2011	5	2
419	5	2011	5	10
419	8	2011	5	10
419	9	2011	5	110
419	12	2011	5	4
419	13	2011	5	24
419	1	2011	6	3
419	3	2011	6	3
419	4	2011	6	7
419	5	2011	6	2
419	6	2011	6	2
419	8	2011	6	24
419	9	2011	6	89
419	10	2011	6	1
419	12	2011	6	4
419	13	2011	6	21
420	1	2011	1	5
420	3	2011	1	21
420	4	2011	1	9
420	5	2011	1	13
420	8	2011	1	25
420	9	2011	1	164
420	10	2011	1	1
420	12	2011	1	13
420	13	2011	1	87
420	1	2011	2	6
420	3	2011	2	12
420	4	2011	2	5
420	5	2011	2	10
420	8	2011	2	29
420	9	2011	2	188
420	12	2011	2	14
420	13	2011	2	124
420	1	2011	3	8
420	2	2011	3	1
420	3	2011	3	30
420	4	2011	3	7
420	5	2011	3	6
420	6	2011	3	1
420	8	2011	3	26
420	9	2011	3	208
420	10	2011	3	4
420	12	2011	3	28
420	13	2011	3	90
420	1	2011	4	2
420	3	2011	4	24
420	4	2011	4	14
420	5	2011	4	11
420	6	2011	4	1
420	8	2011	4	15
420	9	2011	4	208
420	10	2011	4	3
420	12	2011	4	19
420	13	2011	4	106
420	1	2011	5	10
420	3	2011	5	24
420	4	2011	5	15
420	5	2011	5	17
420	8	2011	5	18
420	9	2011	5	246
420	10	2011	5	2
420	12	2011	5	16
420	13	2011	5	155
420	1	2011	6	6
420	3	2011	6	12
420	4	2011	6	8
420	5	2011	6	6
420	8	2011	6	25
420	9	2011	6	163
420	10	2011	6	2
420	12	2011	6	11
420	13	2011	6	124
421	4	2011	1	1
421	5	2011	1	2
421	9	2011	1	18
421	13	2011	1	3
421	3	2011	2	1
421	5	2011	2	1
421	8	2011	2	1
421	9	2011	2	15
421	13	2011	2	1
421	3	2011	3	2
421	5	2011	3	1
421	8	2011	3	1
421	9	2011	3	4
421	10	2011	3	1
421	13	2011	3	2
421	3	2011	4	1
421	4	2011	4	5
421	9	2011	4	15
421	11	2011	4	1
421	13	2011	4	2
421	3	2011	5	1
421	8	2011	5	1
421	9	2011	5	9
421	13	2011	5	3
421	9	2011	6	16
421	13	2011	6	2
422	1	2011	1	1
422	4	2011	1	1
422	8	2011	1	1
422	9	2011	1	11
422	1	2011	2	1
422	9	2011	2	5
422	10	2011	2	1
422	3	2011	3	1
422	4	2011	3	2
422	9	2011	3	16
422	13	2011	3	1
422	9	2011	4	9
422	10	2011	4	1
422	4	2011	5	1
422	8	2011	5	1
422	9	2011	5	3
422	9	2011	6	8
423	9	2011	1	1
423	9	2011	2	1
423	9	2011	3	1
423	9	2011	4	2
424	9	2011	1	6
424	9	2011	2	6
424	9	2011	3	2
424	1	2011	4	1
424	8	2011	4	2
424	9	2011	4	2
424	1	2011	5	2
424	5	2011	5	2
424	8	2011	5	1
424	9	2011	5	8
424	9	2011	6	5
425	8	2011	1	1
425	9	2011	1	6
425	9	2011	2	12
425	13	2011	2	1
425	3	2011	3	1
425	5	2011	3	2
425	8	2011	3	1
425	9	2011	3	5
425	8	2011	4	2
425	9	2011	4	14
425	8	2011	5	1
425	9	2011	5	2
425	9	2011	6	4
425	12	2011	6	1
425	13	2011	6	2
426	9	2011	1	4
426	5	2011	2	1
426	9	2011	2	2
426	10	2011	2	1
426	1	2011	3	1
426	9	2011	3	1
426	9	2011	4	5
426	9	2011	5	1
426	9	2011	6	2
427	9	2011	1	6
427	13	2011	1	3
427	1	2011	2	1
427	9	2011	2	7
427	1	2011	3	2
427	8	2011	3	1
427	9	2011	3	15
427	13	2011	3	1
427	8	2011	4	1
427	9	2011	4	7
427	9	2011	5	4
427	13	2011	5	4
427	9	2011	6	8
427	13	2011	6	1
428	3	2011	1	2
428	4	2011	1	1
428	9	2011	1	10
428	13	2011	1	1
428	3	2011	2	1
428	5	2011	2	2
428	9	2011	2	8
428	13	2011	2	1
484	9	2011	3	3
428	1	2011	3	1
428	3	2011	3	3
428	4	2011	3	1
428	5	2011	3	1
428	9	2011	3	6
428	5	2011	4	1
428	8	2011	4	1
428	9	2011	4	11
428	3	2011	5	1
428	5	2011	5	1
428	8	2011	5	1
428	9	2011	5	14
428	5	2011	6	1
428	8	2011	6	1
428	9	2011	6	6
428	13	2011	6	1
429	9	2011	2	8
429	9	2011	3	1
429	9	2011	4	5
429	9	2011	5	2
429	9	2011	6	1
430	1	2011	1	2
430	9	2011	1	6
430	13	2011	1	1
430	5	2011	2	1
430	9	2011	2	1
430	9	2011	3	2
430	9	2011	4	4
430	5	2011	5	2
430	9	2011	5	5
430	13	2011	5	1
430	5	2011	6	1
430	9	2011	6	4
430	10	2011	6	1
431	9	2011	1	3
431	13	2011	1	1
431	9	2011	2	2
431	9	2011	3	5
431	1	2011	4	1
431	9	2011	4	6
431	1	2011	5	1
431	8	2011	5	1
431	12	2011	5	1
432	9	2011	1	4
432	9	2011	2	1
432	9	2011	3	2
432	9	2011	5	2
432	9	2011	6	2
433	13	2011	1	1
433	9	2011	3	1
433	9	2011	4	2
433	8	2011	5	1
433	9	2011	5	5
433	9	2011	6	1
434	9	2011	1	6
434	5	2011	2	1
434	9	2011	2	1
434	9	2011	3	6
434	8	2011	4	1
434	9	2011	4	1
434	9	2011	5	2
434	9	2011	6	1
435	1	2011	1	1
435	1	2011	2	1
435	9	2011	2	3
435	13	2011	2	2
435	5	2011	3	1
435	9	2011	3	2
435	12	2011	3	1
435	1	2011	4	1
435	5	2011	4	1
435	8	2011	4	1
435	9	2011	4	5
435	5	2011	5	1
435	8	2011	5	1
435	9	2011	5	2
435	9	2011	6	3
435	13	2011	6	1
436	3	2011	1	2
436	5	2011	1	4
436	9	2011	1	14
436	13	2011	1	1
436	1	2011	2	2
436	3	2011	2	1
436	4	2011	2	1
436	5	2011	2	2
436	9	2011	2	24
436	13	2011	2	2
436	1	2011	3	1
436	3	2011	3	2
436	5	2011	3	1
436	8	2011	3	1
436	9	2011	3	36
436	13	2011	3	1
436	1	2011	4	2
436	3	2011	4	4
436	4	2011	4	1
436	8	2011	4	1
436	9	2011	4	29
436	13	2011	4	1
436	4	2011	5	2
436	8	2011	5	1
436	9	2011	5	20
436	13	2011	5	4
436	3	2011	6	4
436	4	2011	6	2
436	5	2011	6	1
436	9	2011	6	29
436	13	2011	6	3
437	1	2011	1	3
437	3	2011	1	3
437	4	2011	1	2
437	5	2011	1	4
437	8	2011	1	3
437	9	2011	1	86
437	13	2011	1	7
437	1	2011	2	3
437	3	2011	2	3
437	4	2011	2	2
437	8	2011	2	2
437	9	2011	2	115
437	13	2011	2	6
437	1	2011	3	5
437	2	2011	3	1
437	3	2011	3	2
437	5	2011	3	6
437	8	2011	3	2
437	9	2011	3	110
437	13	2011	3	8
437	1	2011	4	3
437	3	2011	4	4
437	4	2011	4	2
437	5	2011	4	2
437	8	2011	4	3
437	9	2011	4	56
437	10	2011	4	1
437	13	2011	4	5
437	3	2011	5	10
437	4	2011	5	5
437	5	2011	5	3
437	6	2011	5	1
437	8	2011	5	5
437	9	2011	5	53
437	11	2011	5	1
437	12	2011	5	1
437	13	2011	5	7
437	1	2011	6	4
437	3	2011	6	6
437	5	2011	6	2
437	8	2011	6	1
437	9	2011	6	55
437	10	2011	6	1
437	13	2011	6	3
438	9	2011	1	4
438	9	2011	2	5
438	12	2011	2	2
438	1	2011	4	1
438	3	2011	4	1
438	9	2011	4	6
438	8	2011	5	1
438	9	2011	5	1
438	13	2011	5	1
438	9	2011	6	4
438	13	2011	6	2
439	1	2011	1	1
439	3	2011	1	1
439	5	2011	1	1
439	9	2011	1	26
439	12	2011	1	1
439	13	2011	1	4
439	4	2011	2	3
439	5	2011	2	1
439	8	2011	2	1
439	9	2011	2	12
439	13	2011	2	1
439	4	2011	3	1
439	5	2011	3	1
439	8	2011	3	3
439	9	2011	3	10
439	12	2011	3	1
439	13	2011	3	1
439	1	2011	4	2
439	5	2011	4	2
439	9	2011	4	24
439	13	2011	4	1
439	1	2011	5	1
439	5	2011	5	1
439	6	2011	5	1
439	8	2011	5	9
439	9	2011	5	16
439	13	2011	5	5
439	1	2011	6	1
439	3	2011	6	2
439	4	2011	6	1
439	5	2011	6	2
439	8	2011	6	4
439	9	2011	6	11
439	13	2011	6	1
440	5	2011	1	1
440	8	2011	1	1
440	9	2011	1	5
440	12	2011	1	1
440	13	2011	1	1
440	3	2011	2	1
440	4	2011	2	1
440	9	2011	2	8
440	3	2011	3	1
440	5	2011	3	2
440	9	2011	3	7
440	12	2011	3	1
440	13	2011	3	2
440	1	2011	4	1
440	3	2011	4	2
440	4	2011	4	1
440	5	2011	4	1
440	8	2011	4	2
440	9	2011	4	17
440	3	2011	5	1
440	4	2011	5	2
440	5	2011	5	1
440	8	2011	5	1
440	9	2011	5	14
440	1	2011	6	1
440	5	2011	6	1
440	9	2011	6	9
441	1	2011	1	1
441	5	2011	1	1
441	9	2011	1	21
441	13	2011	1	2
441	1	2011	2	2
441	3	2011	2	1
441	4	2011	2	4
441	9	2011	2	21
441	1	2011	3	1
441	8	2011	3	1
441	9	2011	3	32
441	13	2011	3	1
441	5	2011	4	2
441	8	2011	4	1
441	9	2011	4	29
441	13	2011	4	1
441	1	2011	5	1
441	3	2011	5	1
441	9	2011	5	21
441	12	2011	5	1
441	13	2011	5	1
441	1	2011	6	1
441	3	2011	6	2
441	9	2011	6	22
441	13	2011	6	5
442	1	2011	1	6
442	3	2011	1	9
442	4	2011	1	1
442	5	2011	1	4
442	8	2011	1	7
442	9	2011	1	66
442	12	2011	1	3
442	13	2011	1	17
442	1	2011	2	2
442	3	2011	2	10
442	4	2011	2	2
442	5	2011	2	6
442	6	2011	2	1
442	8	2011	2	7
442	9	2011	2	62
442	12	2011	2	4
442	13	2011	2	13
442	1	2011	3	2
442	3	2011	3	5
442	4	2011	3	5
442	5	2011	3	9
442	6	2011	3	2
442	8	2011	3	4
442	9	2011	3	73
442	12	2011	3	3
442	13	2011	3	10
442	3	2011	4	6
442	4	2011	4	3
442	5	2011	4	1
442	6	2011	4	1
442	8	2011	4	11
442	9	2011	4	72
442	12	2011	4	1
442	13	2011	4	8
442	1	2011	5	3
442	3	2011	5	5
442	4	2011	5	5
442	5	2011	5	6
442	8	2011	5	15
442	9	2011	5	44
442	12	2011	5	1
442	13	2011	5	11
442	1	2011	6	6
442	3	2011	6	2
442	4	2011	6	4
442	5	2011	6	5
442	8	2011	6	6
442	9	2011	6	48
442	12	2011	6	5
442	13	2011	6	13
443	1	2011	1	1
443	3	2011	1	1
443	4	2011	1	1
443	5	2011	1	1
443	8	2011	1	1
443	9	2011	1	15
443	13	2011	1	1
443	1	2011	2	1
443	3	2011	2	2
443	4	2011	2	2
1	9	2011	1	5
1	9	2011	2	6
1	9	2011	3	5
1	1	2011	4	1
1	9	2011	4	2
1	9	2011	5	2
1	9	2011	6	4
2	9	2011	1	4
2	5	2011	2	1
2	9	2011	2	1
2	9	2011	3	3
2	9	2011	4	3
2	9	2011	5	4
2	12	2011	5	1
2	9	2011	6	3
443	5	2011	2	3
443	8	2011	2	2
443	9	2011	2	23
443	1	2011	3	1
443	3	2011	3	2
443	5	2011	3	5
443	8	2011	3	2
443	9	2011	3	22
443	12	2011	3	1
443	13	2011	3	1
443	1	2011	4	1
443	3	2011	4	1
443	5	2011	4	6
443	8	2011	4	4
443	9	2011	4	24
443	12	2011	4	1
443	13	2011	4	1
443	3	2011	5	3
443	8	2011	5	2
443	9	2011	5	26
443	13	2011	5	6
443	1	2011	6	1
443	3	2011	6	1
443	5	2011	6	1
443	8	2011	6	1
443	9	2011	6	23
443	13	2011	6	2
444	4	2011	1	1
444	9	2011	1	1
444	9	2011	2	1
444	9	2011	3	4
444	9	2011	5	3
444	12	2011	5	1
444	9	2011	6	1
445	5	2011	1	1
445	9	2011	1	4
445	3	2011	2	2
445	4	2011	2	2
445	1	2011	5	1
445	9	2011	5	8
445	9	2011	6	1
445	13	2011	6	1
446	1	2011	1	3
446	3	2011	1	1
446	8	2011	1	1
446	9	2011	1	17
446	13	2011	1	1
446	3	2011	2	1
446	8	2011	2	2
446	9	2011	2	19
446	4	2011	3	1
446	5	2011	3	1
446	8	2011	3	2
446	9	2011	3	22
446	13	2011	3	2
446	3	2011	4	2
446	8	2011	4	1
446	9	2011	4	17
446	3	2011	5	3
446	5	2011	5	2
446	8	2011	5	3
446	9	2011	5	23
446	1	2011	6	3
446	8	2011	6	3
446	9	2011	6	26
447	1	2011	1	1
447	8	2011	1	2
447	9	2011	1	15
447	12	2011	1	1
447	13	2011	1	3
447	2	2011	2	1
447	4	2011	2	2
447	9	2011	2	13
447	3	2011	3	2
447	4	2011	3	1
447	5	2011	3	1
447	8	2011	3	2
447	9	2011	3	11
447	13	2011	3	3
447	3	2011	4	1
447	5	2011	4	1
447	8	2011	4	1
447	9	2011	4	9
447	5	2011	5	2
447	9	2011	5	11
447	1	2011	6	1
447	5	2011	6	1
447	8	2011	6	2
447	9	2011	6	14
447	12	2011	6	1
448	3	2011	1	1
448	4	2011	1	2
448	5	2011	1	2
448	9	2011	1	15
448	13	2011	1	2
448	5	2011	2	2
448	8	2011	2	2
448	9	2011	2	14
448	13	2011	2	4
448	5	2011	3	1
448	9	2011	3	10
448	13	2011	3	1
448	1	2011	4	1
448	5	2011	4	2
448	8	2011	4	1
448	9	2011	4	23
448	3	2011	5	2
448	8	2011	5	1
448	9	2011	5	17
448	12	2011	5	1
448	13	2011	5	1
448	3	2011	6	1
448	8	2011	6	1
448	9	2011	6	29
448	13	2011	6	3
449	9	2011	1	6
449	9	2011	2	6
449	13	2011	2	2
449	5	2011	3	1
449	9	2011	3	1
449	8	2011	4	1
449	9	2011	4	1
449	12	2011	4	1
449	8	2011	5	1
449	9	2011	5	8
449	9	2011	6	1
450	9	2011	1	1
450	5	2011	2	1
450	9	2011	2	3
450	1	2011	3	1
450	4	2011	3	1
450	9	2011	3	3
453	10	2011	6	3
450	1	2011	4	1
450	3	2011	4	1
450	9	2011	4	10
450	1	2011	5	1
450	4	2011	5	1
450	9	2011	5	4
450	9	2011	6	5
450	13	2011	6	1
451	9	2011	1	5
451	9	2011	2	2
451	9	2011	3	6
451	13	2011	3	1
451	9	2011	4	4
451	9	2011	5	2
451	10	2011	6	1
452	1	2011	1	1
452	3	2011	1	40
452	4	2011	1	10
452	5	2011	1	18
452	8	2011	1	7
452	9	2011	1	119
452	12	2011	1	1
452	13	2011	1	7
452	1	2011	2	3
452	3	2011	2	35
452	4	2011	2	14
452	5	2011	2	11
452	8	2011	2	4
452	9	2011	2	89
452	13	2011	2	5
452	1	2011	3	2
452	3	2011	3	11
452	4	2011	3	5
452	5	2011	3	10
452	8	2011	3	6
452	9	2011	3	73
452	12	2011	3	1
452	13	2011	3	10
452	1	2011	4	1
452	3	2011	4	9
452	4	2011	4	7
452	5	2011	4	8
452	7	2011	4	1
452	8	2011	4	8
452	9	2011	4	56
452	10	2011	4	2
452	13	2011	4	4
452	3	2011	5	3
452	4	2011	5	5
452	5	2011	5	7
452	8	2011	5	4
452	9	2011	5	39
452	10	2011	5	1
452	12	2011	5	3
452	13	2011	5	6
452	1	2011	6	1
452	3	2011	6	7
452	4	2011	6	2
452	5	2011	6	3
452	6	2011	6	1
452	8	2011	6	3
452	9	2011	6	47
452	13	2011	6	10
453	1	2011	1	6
453	3	2011	1	36
453	4	2011	1	30
453	5	2011	1	12
453	8	2011	1	17
453	9	2011	1	262
453	12	2011	1	3
453	13	2011	1	25
453	1	2011	2	4
453	3	2011	2	20
453	4	2011	2	12
453	5	2011	2	6
453	8	2011	2	8
453	9	2011	2	189
453	10	2011	2	1
453	12	2011	2	1
453	13	2011	2	17
453	1	2011	3	2
453	3	2011	3	17
453	4	2011	3	8
453	5	2011	3	6
453	8	2011	3	4
453	9	2011	3	107
453	12	2011	3	2
453	13	2011	3	14
453	1	2011	4	4
453	3	2011	4	6
453	4	2011	4	7
453	5	2011	4	5
453	8	2011	4	4
453	9	2011	4	87
453	13	2011	4	11
453	1	2011	5	1
453	2	2011	5	1
453	3	2011	5	10
453	4	2011	5	3
453	5	2011	5	8
453	8	2011	5	1
453	9	2011	5	108
453	10	2011	5	2
453	11	2011	5	1
453	12	2011	5	1
453	13	2011	5	19
453	1	2011	6	2
453	3	2011	6	8
453	4	2011	6	4
453	5	2011	6	5
453	6	2011	6	1
453	8	2011	6	5
453	9	2011	6	115
453	12	2011	6	1
453	13	2011	6	9
454	9	2011	4	1
454	9	2011	5	1
454	9	2011	6	2
455	5	2011	1	2
455	9	2011	1	1
455	9	2011	2	2
455	13	2011	3	1
455	5	2011	4	1
455	9	2011	4	2
455	9	2011	5	4
456	3	2011	1	1
456	5	2011	1	1
456	8	2011	1	1
456	9	2011	1	13
456	5	2011	2	1
456	9	2011	2	7
456	13	2011	2	2
456	9	2011	3	6
456	13	2011	3	2
456	8	2011	4	1
456	9	2011	4	9
456	13	2011	4	2
456	9	2011	5	6
456	9	2011	6	5
456	12	2011	6	1
456	13	2011	6	2
457	4	2011	1	1
457	5	2011	1	5
457	9	2011	1	20
457	13	2011	1	2
457	1	2011	2	1
457	3	2011	2	3
457	4	2011	2	6
457	9	2011	2	17
457	13	2011	2	2
457	1	2011	3	2
457	3	2011	3	2
457	4	2011	3	2
457	5	2011	3	1
457	8	2011	3	2
457	9	2011	3	30
457	13	2011	3	2
457	3	2011	4	6
457	5	2011	4	1
457	8	2011	4	6
457	9	2011	4	23
457	3	2011	5	3
457	4	2011	5	2
457	5	2011	5	7
457	9	2011	5	16
457	12	2011	5	2
457	13	2011	5	8
457	5	2011	6	2
457	6	2011	6	1
457	9	2011	6	11
457	13	2011	6	5
458	4	2011	1	1
458	9	2011	1	37
458	13	2011	1	5
458	9	2011	2	30
458	13	2011	2	5
458	5	2011	3	1
458	8	2011	3	1
458	9	2011	3	28
458	13	2011	3	1
458	4	2011	4	1
458	5	2011	4	3
458	9	2011	4	37
458	5	2011	5	1
458	9	2011	5	37
458	13	2011	5	3
458	1	2011	6	1
458	3	2011	6	1
458	9	2011	6	14
458	13	2011	6	4
459	5	2011	1	1
459	9	2011	1	2
459	4	2011	2	1
459	9	2011	2	2
459	9	2011	3	2
459	9	2011	4	3
459	9	2011	5	1
460	9	2011	1	4
460	1	2011	2	1
460	9	2011	2	1
460	3	2011	3	1
460	5	2011	3	1
460	10	2011	3	1
460	9	2011	4	1
460	13	2011	4	1
460	10	2011	5	1
460	13	2011	5	1
461	1	2011	1	1
461	4	2011	1	3
461	5	2011	1	3
461	8	2011	1	1
461	9	2011	1	20
461	1	2011	2	1
461	4	2011	2	2
461	5	2011	2	2
461	8	2011	2	1
461	9	2011	2	18
461	13	2011	2	1
461	1	2011	3	2
461	4	2011	3	1
461	5	2011	3	5
461	8	2011	3	1
461	9	2011	3	21
461	13	2011	3	4
461	3	2011	4	1
461	4	2011	4	4
461	5	2011	4	3
461	8	2011	4	1
461	9	2011	4	15
461	1	2011	5	2
461	3	2011	5	1
461	4	2011	5	2
461	5	2011	5	3
461	8	2011	5	1
461	9	2011	5	11
461	1	2011	6	1
461	3	2011	6	1
461	4	2011	6	1
461	5	2011	6	2
461	8	2011	6	1
461	9	2011	6	19
461	10	2011	6	1
462	1	2011	1	1
462	9	2011	1	2
462	1	2011	2	1
462	9	2011	2	2
462	1	2011	3	1
462	3	2011	3	1
462	9	2011	3	3
462	13	2011	3	1
462	8	2011	4	1
462	9	2011	4	3
462	9	2011	5	2
462	9	2011	6	2
462	13	2011	6	1
463	1	2011	1	3
463	3	2011	1	2
463	4	2011	1	2
463	5	2011	1	1
463	9	2011	1	24
463	13	2011	1	2
463	1	2011	2	3
463	3	2011	2	1
463	4	2011	2	1
463	5	2011	2	2
463	8	2011	2	4
463	9	2011	2	17
463	13	2011	2	1
463	8	2011	3	1
463	9	2011	3	17
463	12	2011	3	2
463	13	2011	3	6
463	4	2011	4	2
463	5	2011	4	2
463	8	2011	4	1
463	9	2011	4	20
463	3	2011	5	1
463	4	2011	5	1
463	5	2011	5	1
463	8	2011	5	1
463	9	2011	5	27
463	12	2011	5	2
463	1	2011	6	2
463	4	2011	6	1
463	5	2011	6	1
463	8	2011	6	1
463	9	2011	6	20
463	10	2011	6	1
463	12	2011	6	1
463	13	2011	6	5
464	9	2011	1	6
464	13	2011	1	1
464	9	2011	2	1
464	9	2011	3	3
464	3	2011	5	1
464	9	2011	5	7
464	9	2011	6	5
465	1	2011	1	1
465	9	2011	2	1
465	1	2011	3	1
465	3	2011	3	1
465	4	2011	3	1
465	5	2011	3	1
465	9	2011	3	2
465	9	2011	4	3
465	4	2011	5	1
465	9	2011	5	2
466	9	2011	2	1
466	9	2011	3	2
466	9	2011	4	1
466	5	2011	5	1
466	9	2011	5	1
466	9	2011	6	4
467	1	2011	1	3
467	3	2011	1	1
467	4	2011	1	2
467	5	2011	1	1
467	9	2011	1	30
467	13	2011	1	1
467	4	2011	2	1
467	5	2011	2	3
467	8	2011	2	1
467	9	2011	2	22
467	1	2011	3	1
467	5	2011	3	2
467	8	2011	3	2
467	9	2011	3	25
467	13	2011	3	1
467	5	2011	4	3
467	6	2011	4	1
467	8	2011	4	1
467	9	2011	4	18
467	1	2011	5	1
467	3	2011	5	1
467	4	2011	5	1
467	5	2011	5	1
467	8	2011	5	1
467	9	2011	5	19
467	10	2011	5	1
467	1	2011	6	1
467	3	2011	6	2
467	4	2011	6	3
467	5	2011	6	1
467	8	2011	6	1
467	9	2011	6	27
467	13	2011	6	2
468	9	2011	1	3
468	9	2011	2	3
468	8	2011	3	1
468	9	2011	3	1
468	9	2011	4	1
468	8	2011	5	2
468	9	2011	5	1
469	9	2011	1	4
469	9	2011	2	5
469	9	2011	3	9
469	9	2011	4	6
469	5	2011	5	2
469	9	2011	5	3
469	9	2011	6	4
470	9	2011	1	3
470	9	2011	2	2
470	9	2011	3	2
470	8	2011	5	1
470	9	2011	5	2
470	13	2011	5	1
470	9	2011	6	2
471	9	2011	1	1
471	1	2011	3	1
471	9	2011	3	1
471	9	2011	6	3
472	9	2011	1	1
472	9	2011	3	1
472	9	2011	4	1
472	1	2011	5	1
473	9	2011	1	3
473	9	2011	2	2
473	9	2011	3	4
473	9	2011	5	2
473	9	2011	6	1
474	1	2011	1	3
474	3	2011	1	5
474	4	2011	1	6
474	5	2011	1	9
474	8	2011	1	10
474	9	2011	1	132
474	10	2011	1	1
474	13	2011	1	35
474	1	2011	2	6
474	2	2011	2	1
474	3	2011	2	3
474	4	2011	2	5
474	5	2011	2	5
474	8	2011	2	7
474	9	2011	2	121
474	11	2011	2	1
474	13	2011	2	44
474	1	2011	3	8
474	3	2011	3	13
474	4	2011	3	7
474	5	2011	3	9
474	8	2011	3	7
474	9	2011	3	129
474	12	2011	3	1
474	13	2011	3	36
474	1	2011	4	7
474	3	2011	4	6
474	4	2011	4	10
474	5	2011	4	14
474	8	2011	4	5
474	9	2011	4	138
474	12	2011	4	1
474	13	2011	4	29
474	1	2011	5	4
474	3	2011	5	14
474	4	2011	5	8
474	5	2011	5	14
474	8	2011	5	7
474	9	2011	5	177
474	13	2011	5	41
474	1	2011	6	3
474	3	2011	6	5
474	4	2011	6	9
474	5	2011	6	5
474	6	2011	6	1
474	8	2011	6	6
474	9	2011	6	162
474	10	2011	6	1
474	12	2011	6	1
474	13	2011	6	42
475	1	2011	1	6
475	3	2011	1	6
475	4	2011	1	8
475	5	2011	1	8
475	6	2011	1	1
475	8	2011	1	7
475	9	2011	1	60
475	13	2011	1	16
475	1	2011	2	4
475	3	2011	2	6
475	4	2011	2	7
475	5	2011	2	1
475	6	2011	2	1
475	8	2011	2	1
475	9	2011	2	47
475	13	2011	2	8
475	1	2011	3	3
475	3	2011	3	8
475	4	2011	3	8
475	5	2011	3	5
475	8	2011	3	3
475	9	2011	3	67
475	10	2011	3	1
475	13	2011	3	13
475	1	2011	4	2
475	3	2011	4	6
475	4	2011	4	5
475	5	2011	4	4
475	8	2011	4	1
475	9	2011	4	73
475	13	2011	4	18
475	1	2011	5	5
475	3	2011	5	2
475	4	2011	5	4
475	5	2011	5	3
475	8	2011	5	6
475	9	2011	5	90
475	10	2011	5	2
475	12	2011	5	1
475	13	2011	5	18
475	1	2011	6	8
475	3	2011	6	5
475	4	2011	6	1
475	5	2011	6	2
475	8	2011	6	1
475	9	2011	6	96
475	13	2011	6	16
476	8	2011	1	1
476	9	2011	1	6
476	9	2011	2	5
476	1	2011	3	1
476	8	2011	3	1
476	9	2011	3	7
476	12	2011	3	1
476	1	2011	4	1
476	3	2011	4	1
476	8	2011	4	1
476	9	2011	4	6
476	10	2011	4	1
476	13	2011	4	1
476	1	2011	5	3
476	3	2011	5	1
476	9	2011	5	7
476	13	2011	5	1
476	1	2011	6	1
476	9	2011	6	5
476	13	2011	6	1
477	3	2011	1	1
477	4	2011	1	3
477	8	2011	1	1
477	9	2011	1	4
477	8	2011	2	1
477	9	2011	2	5
477	3	2011	3	1
477	1	2011	4	1
477	9	2011	4	1
477	9	2011	5	5
477	9	2011	6	1
478	9	2011	1	2
478	9	2011	2	8
478	13	2011	2	3
478	1	2011	3	1
478	3	2011	3	2
478	9	2011	3	3
478	13	2011	3	1
482	4	2011	3	1
478	1	2011	4	1
478	9	2011	4	4
478	10	2011	4	1
478	13	2011	4	1
478	1	2011	5	1
478	9	2011	5	6
478	9	2011	6	6
479	9	2011	1	2
479	9	2011	2	1
479	9	2011	3	2
479	9	2011	4	1
479	9	2011	6	2
480	1	2011	1	4
480	3	2011	1	4
480	4	2011	1	1
480	5	2011	1	6
480	8	2011	1	6
480	9	2011	1	81
480	10	2011	1	1
480	12	2011	1	1
480	13	2011	1	15
480	1	2011	2	4
480	3	2011	2	2
480	5	2011	2	4
480	8	2011	2	1
480	9	2011	2	70
480	12	2011	2	6
480	13	2011	2	9
480	1	2011	3	3
480	4	2011	3	1
480	5	2011	3	12
480	8	2011	3	3
480	9	2011	3	73
480	11	2011	3	1
480	12	2011	3	2
480	13	2011	3	7
480	1	2011	4	1
480	3	2011	4	6
480	4	2011	4	9
480	5	2011	4	6
480	8	2011	4	3
480	9	2011	4	61
480	10	2011	4	3
480	12	2011	4	2
480	13	2011	4	5
480	1	2011	5	4
480	3	2011	5	1
480	4	2011	5	1
480	5	2011	5	11
480	8	2011	5	1
480	9	2011	5	56
480	12	2011	5	2
480	13	2011	5	7
480	4	2011	6	1
480	5	2011	6	8
480	8	2011	6	1
480	9	2011	6	60
480	10	2011	6	1
480	13	2011	6	5
481	1	2011	1	1
481	3	2011	1	4
481	4	2011	1	1
481	9	2011	1	24
481	13	2011	1	3
481	4	2011	2	1
481	5	2011	2	2
481	8	2011	2	1
481	9	2011	2	19
481	13	2011	2	1
481	5	2011	3	1
481	8	2011	3	2
481	9	2011	3	27
481	13	2011	3	1
481	3	2011	4	2
481	4	2011	4	1
481	5	2011	4	2
481	9	2011	4	25
481	13	2011	4	2
481	5	2011	5	1
481	8	2011	5	2
481	9	2011	5	18
481	13	2011	5	4
481	1	2011	6	1
481	3	2011	6	1
481	5	2011	6	1
481	8	2011	6	5
481	9	2011	6	24
481	13	2011	6	6
482	4	2011	1	2
482	5	2011	1	2
482	8	2011	1	1
482	9	2011	1	16
482	10	2011	1	1
482	13	2011	1	1
482	1	2011	2	1
482	5	2011	2	2
482	8	2011	2	2
482	9	2011	2	22
482	13	2011	2	2
482	1	2011	3	1
482	5	2011	3	2
482	8	2011	3	1
482	9	2011	3	14
482	12	2011	3	1
482	1	2011	4	1
482	8	2011	4	3
482	9	2011	4	24
482	4	2011	5	1
482	5	2011	5	2
482	9	2011	5	23
482	13	2011	5	4
482	5	2011	6	1
482	9	2011	6	16
482	13	2011	6	5
483	9	2011	2	3
483	9	2011	4	1
484	9	2011	1	4
484	3	2011	2	1
484	9	2011	2	1
484	9	2011	4	3
484	9	2011	5	2
484	1	2011	6	1
484	3	2011	6	1
485	1	2011	1	12
485	3	2011	1	13
485	4	2011	1	10
485	5	2011	1	20
485	6	2011	1	3
485	8	2011	1	18
485	9	2011	1	248
485	10	2011	1	8
485	11	2011	1	1
485	12	2011	1	22
485	13	2011	1	137
485	1	2011	2	8
485	3	2011	2	30
485	4	2011	2	12
485	5	2011	2	15
485	6	2011	2	1
485	8	2011	2	25
485	9	2011	2	225
485	10	2011	2	3
485	12	2011	2	22
485	13	2011	2	105
485	1	2011	3	7
485	3	2011	3	55
485	4	2011	3	20
485	5	2011	3	21
485	8	2011	3	20
485	9	2011	3	265
485	10	2011	3	1
485	12	2011	3	26
485	13	2011	3	109
485	1	2011	4	11
485	3	2011	4	43
485	4	2011	4	12
485	5	2011	4	19
485	8	2011	4	16
485	9	2011	4	238
485	10	2011	4	5
485	12	2011	4	26
485	13	2011	4	120
485	1	2011	5	12
485	3	2011	5	43
485	4	2011	5	17
485	5	2011	5	19
485	8	2011	5	29
485	9	2011	5	222
485	10	2011	5	2
485	12	2011	5	17
485	13	2011	5	115
485	1	2011	6	10
485	3	2011	6	48
485	4	2011	6	34
485	5	2011	6	10
485	8	2011	6	18
485	9	2011	6	190
485	10	2011	6	7
485	12	2011	6	8
485	13	2011	6	109
486	9	2011	1	4
486	10	2011	1	1
486	3	2011	2	1
486	9	2011	2	2
486	1	2011	3	2
486	9	2011	4	2
486	9	2011	5	2
486	1	2011	6	2
486	9	2011	6	2
487	9	2011	1	3
487	9	2011	2	1
487	8	2011	3	1
487	9	2011	3	1
487	9	2011	4	1
487	12	2011	4	1
487	8	2011	5	1
487	9	2011	5	1
487	8	2011	6	1
487	9	2011	6	1
488	9	2011	1	3
488	9	2011	2	2
488	12	2011	2	1
488	9	2011	3	2
488	5	2011	4	1
488	9	2011	4	2
488	4	2011	5	1
488	9	2011	5	3
488	9	2011	6	1
489	9	2011	1	1
489	9	2011	2	1
489	5	2011	3	1
489	9	2011	4	2
489	5	2011	5	1
489	9	2011	5	3
489	9	2011	6	1
490	1	2011	1	1
490	9	2011	1	3
490	1	2011	2	3
490	12	2011	2	1
490	9	2011	3	2
490	3	2011	4	1
490	9	2011	4	1
490	9	2011	5	2
490	5	2011	6	1
490	9	2011	6	4
490	13	2011	6	1
491	8	2011	1	1
491	9	2011	1	3
491	9	2011	2	4
491	9	2011	3	7
491	9	2011	4	5
491	9	2011	5	2
491	9	2011	6	4
492	9	2011	1	2
492	9	2011	4	3
492	4	2011	5	1
492	9	2011	5	2
492	9	2011	6	3
492	11	2011	6	1
493	9	2011	1	1
493	9	2011	2	1
493	8	2011	4	1
493	9	2011	4	1
493	9	2011	5	1
493	9	2011	6	2
494	5	2011	1	1
494	3	2011	2	1
494	9	2011	2	1
494	5	2011	3	1
494	13	2011	3	1
494	9	2011	5	3
494	9	2011	6	2
495	9	2011	1	4
495	9	2011	3	2
495	12	2011	3	1
495	12	2011	4	1
495	13	2011	4	1
495	9	2011	6	1
496	9	2011	1	3
496	9	2011	3	5
496	12	2011	3	1
497	1	2011	1	1
497	3	2011	1	10
497	4	2011	1	5
497	5	2011	1	5
497	8	2011	1	2
497	9	2011	1	168
497	10	2011	1	1
497	12	2011	1	2
497	13	2011	1	5
497	1	2011	2	1
497	3	2011	2	42
497	4	2011	2	1
497	5	2011	2	1
497	6	2011	2	1
497	8	2011	2	3
497	9	2011	2	218
497	13	2011	2	11
497	1	2011	3	1
497	3	2011	3	1
497	5	2011	3	1
497	8	2011	3	1
497	9	2011	3	77
497	13	2011	3	2
497	4	2011	4	1
497	5	2011	4	2
497	8	2011	4	1
497	9	2011	4	47
497	10	2011	4	1
497	13	2011	4	1
497	5	2011	5	2
497	9	2011	5	36
497	13	2011	5	2
497	3	2011	6	3
497	8	2011	6	1
497	9	2011	6	27
497	13	2011	6	3
\.


--
-- TOC entry 2047 (class 2606 OID 17093)
-- Name: fatos_pkey; Type: CONSTRAINT; Schema: public; Owner: postgres
--

ALTER TABLE ONLY fatos
    ADD CONSTRAINT fatos_pkey PRIMARY KEY (id);


--
-- TOC entry 2045 (class 2606 OID 17085)
-- Name: municipios_pkey; Type: CONSTRAINT; Schema: public; Owner: postgres
--

ALTER TABLE ONLY municipios
    ADD CONSTRAINT municipios_pkey PRIMARY KEY (id);


--
-- TOC entry 2049 (class 2606 OID 17101)
-- Name: ocorrencias_pkey; Type: CONSTRAINT; Schema: public; Owner: postgres
--

ALTER TABLE ONLY ocorrencias
    ADD CONSTRAINT ocorrencias_pkey PRIMARY KEY (id_municipio, id_fato, ano, mes);


--
-- TOC entry 2051 (class 2606 OID 17107)
-- Name: ocorrencias_id_fato_fkey; Type: FK CONSTRAINT; Schema: public; Owner: postgres
--

ALTER TABLE ONLY ocorrencias
    ADD CONSTRAINT ocorrencias_id_fato_fkey FOREIGN KEY (id_fato) REFERENCES fatos(id);


--
-- TOC entry 2050 (class 2606 OID 17102)
-- Name: ocorrencias_id_municipio_fkey; Type: FK CONSTRAINT; Schema: public; Owner: postgres
--

ALTER TABLE ONLY ocorrencias
    ADD CONSTRAINT ocorrencias_id_municipio_fkey FOREIGN KEY (id_municipio) REFERENCES municipios(id);


--
-- TOC entry 2179 (class 0 OID 0)
-- Dependencies: 6
-- Name: public; Type: ACL; Schema: -; Owner: postgres
--

REVOKE ALL ON SCHEMA public FROM PUBLIC;
REVOKE ALL ON SCHEMA public FROM postgres;
GRANT ALL ON SCHEMA public TO postgres;
GRANT ALL ON SCHEMA public TO PUBLIC;


-- Completed on 2016-11-01 15:22:04 BRST

--
-- PostgreSQL database dump complete
--

